movieid,awardsid,Rank
1,23,63
2,1,77
4,45,48
5,23,95
7,1,43
13,1,90
16,23,11
18,45,90
20,23,21
22,1,25
25,1,73
26,23,7
27,1,47
28,23,46
32,45,88
35,1,72
37,23,88
38,23,80
39,23,69
40,23,70
43,23,60
44,23,25
45,1,71
46,1,66
47,23,8
48,1,64
51,23,68
55,1,62
56,1,18
59,45,86
60,1,3
61,1,24
63,23,35
67,1,54
69,23,87
74,1,15
76,23,3
77,1,56
78,45,85
79,1,20
80,1,100
81,1,52
82,45,18
84,1,49
88,1,92
89,1,99
90,1,42
91,23,94
94,23,16
99,23,86
101,23,1
108,1,13
111,23,6
114,1,88
116,1,95
117,23,100
118,1,89
120,23,31
122,23,62
123,1,97
124,23,13
125,45,100
126,1,94
129,1,37
130,45,77
131,23,79
134,1,29
136,23,51
140,1,85
141,45,81
142,1,96
143,1,35
144,1,38
145,1,75
146,23,61
148,23,34
149,1,5
150,23,44
151,1,27
152,23,20
154,23,93
155,23,43
158,1,17
159,23,12
160,1,61
161,1,36
163,1,40
167,1,65
168,23,4
169,23,85
172,1,82
174,23,42
175,23,30
177,23,54
178,23,50
180,1,48
181,45,66
182,1,6
183,1,79
185,23,84
186,23,33
189,1,70
190,1,87
192,1,76
193,45,65
194,45,76
195,23,77
197,1,19
199,1,81
200,23,78
202,1,60
204,1,78
205,23,18
206,1,74
208,45,23
211,45,1
219,1,51
220,23,91
221,1,41
222,1,69
223,23,92
227,1,98
228,45,75
229,1,53
230,45,97
231,23,90
232,1,33
233,1,4
234,1,11
236,23,83
240,1,32
241,1,26
242,1,67
244,23,23
246,23,82
251,45,46
252,23,99
253,45,4
254,1,31
257,1,91
258,23,29
260,1,83
261,23,98
264,23,49
266,1,68
267,23,2
268,1,46
269,1,22
270,1,2
271,45,63
272,1,59
274,45,73
276,23,76
278,1,39
281,23,89
282,1,12
285,23,75
286,1,55
289,1,10
291,1,30
292,23,48
293,1,16
295,45,36
298,45,72
304,23,28
305,1,50
306,1,80
307,23,97
309,1,44
310,23,36
311,23,74
315,23,27
317,1,9
318,23,64
319,23,10
322,1,14
323,23,40
325,23,38
326,23,73
327,1,86
329,23,5
332,1,21
333,1,1
334,23,56
335,23,96
339,23,39
340,23,32
341,1,34
342,1,93
344,23,57
345,23,81
346,23,26
347,1,8
348,1,63
349,23,53
351,23,72
352,23,22
353,1,45
354,23,37
355,1,28
358,23,71
359,45,79
361,1,7
362,1,23
363,1,84
365,24,68
367,2,47
368,24,81
370,2,80
371,2,65
372,24,12
374,2,88
378,2,36
382,2,12
383,46,89
387,24,34
388,2,94
389,24,30
390,2,84
391,24,94
393,2,41
395,24,85
397,24,56
399,24,93
400,2,30
402,2,45
403,2,76
410,24,92
412,2,23
418,2,79
419,2,68
420,24,79
421,24,45
424,2,29
425,24,75
429,2,22
430,2,26
432,2,85
436,24,67
438,24,59
441,46,33
442,24,44
444,2,19
447,24,33
450,24,66
455,2,15
458,24,18
459,2,60
464,24,73
465,24,32
470,2,38
472,24,31
475,2,9
478,24,41
481,2,59
486,2,24
487,24,13
488,2,18
490,2,48
491,2,73
492,24,23
494,2,87
497,46,4
499,46,22
502,24,24
506,24,99
507,24,84
508,2,53
510,24,72
512,2,34
514,2,58
515,24,29
524,24,8
526,46,30
527,2,42
528,24,16
531,2,27
533,46,70
534,2,83
536,24,78
537,24,25
538,2,82
541,24,89
542,24,83
544,2,96
545,24,39
546,46,81
548,24,53
549,46,50
550,2,7
551,2,86
552,24,5
555,2,6
556,2,13
559,2,93
563,24,28
566,24,63
567,2,1
568,46,2
569,24,40
570,24,62
573,24,43
574,2,40
576,24,42
578,24,82
579,24,55
580,2,63
582,2,39
585,2,77
586,24,76
588,24,65
589,2,21
590,24,57
592,24,58
596,2,20
598,24,26
599,46,15
600,2,52
602,2,69
603,2,74
604,2,75
605,46,94
614,24,71
617,2,10
618,24,54
620,2,67
621,2,11
624,2,43
625,2,32
626,46,82
627,24,64
629,24,17
630,2,37
631,2,56
634,2,57
636,24,88
637,24,47
638,2,99
639,2,50
640,2,3
642,24,98
644,2,35
645,2,91
646,2,14
648,2,49
652,2,71
653,46,93
655,24,61
656,46,18
657,2,4
660,2,25
663,46,52
664,2,92
665,2,95
668,24,46
673,24,10
674,2,72
675,2,98
676,2,97
678,24,96
681,2,31
682,46,59
683,2,90
684,24,97
690,46,45
693,24,2
697,46,46
702,24,87
703,2,44
705,2,8
706,2,28
708,24,91
709,2,62
714,2,33
717,2,89
718,2,46
719,2,17
720,2,64
725,2,70
726,2,54
727,2,51
728,2,16
729,24,95
731,2,55
732,24,19
734,2,66
735,2,2
736,2,81
737,2,78
738,46,62
739,24,49
740,24,35
741,24,90
742,24,86
743,46,76
744,2,5
745,2,100
746,2,61
749,24,60
750,3,21
756,3,35
758,3,50
760,47,85
763,25,28
764,25,59
767,25,5
769,3,55
770,47,91
771,25,46
772,25,63
773,3,77
775,3,12
777,47,90
779,25,90
781,25,94
785,25,89
787,25,72
789,3,48
790,25,62
798,3,49
799,25,52
806,25,58
809,25,84
812,25,9
813,3,99
814,3,29
815,25,8
817,3,4
818,25,26
824,3,62
826,25,71
828,25,25
830,3,36
831,3,85
832,3,5
837,3,69
840,25,79
842,25,70
843,25,49
855,3,42
857,25,93
858,3,30
860,25,64
862,3,43
864,3,51
865,25,32
868,3,92
872,25,29
873,47,66
874,3,26
877,3,73
881,3,74
885,3,15
888,3,79
889,25,87
891,47,7
892,25,60
894,25,2
895,3,60
896,3,24
897,3,61
901,25,86
902,3,37
903,25,34
904,3,63
905,3,96
908,3,52
910,3,100
912,3,2
922,25,23
923,25,12
926,47,82
928,3,34
932,3,66
933,3,33
935,25,83
938,25,99
939,3,54
940,25,42
943,3,45
944,47,49
945,25,31
946,3,46
949,47,47
950,3,23
951,3,18
953,3,67
954,25,21
958,25,77
959,3,78
960,47,5
962,3,98
963,25,98
966,25,76
967,3,88
969,25,39
973,3,87
975,3,57
976,25,97
977,3,25
982,25,14
983,25,38
984,25,45
985,3,89
986,3,13
987,25,75
988,47,70
989,3,59
991,25,41
993,3,8
996,3,86
998,25,66
999,25,37
1000,25,74
1002,3,38
1004,3,76
1009,3,72
1010,25,47
1012,3,64
1018,3,71
1019,3,17
1020,3,75
1021,47,46
1022,47,97
1023,3,83
1030,25,81
1032,25,85
1034,3,1
1038,47,96
1040,3,82
1047,3,32
1049,47,35
1051,47,95
1053,3,3
1054,47,94
1057,25,40
1059,3,40
1061,47,8
1062,3,81
1067,25,57
1068,3,39
1069,3,22
1070,25,51
1072,25,33
1083,3,91
1086,25,13
1087,3,68
1088,3,80
1092,47,80
1093,25,44
1094,25,68
1095,47,81
1096,3,56
1098,47,89
1101,3,47
1102,47,78
1105,25,67
1107,3,65
1108,25,23
1110,3,70
1112,3,44
1115,3,14
1119,25,43
1121,25,6
1125,3,53
1126,47,37
1129,25,27
1130,47,61
1131,3,95
1134,3,9
1136,3,16
1137,25,56
1139,25,50
1140,25,91
1142,3,31
1143,3,7
1145,3,19
1149,25,7
1150,3,11
1151,47,86
1154,47,54
1155,3,97
1156,25,55
1158,25,65
1159,3,94
1160,3,6
1161,25,53
1163,3,84
1164,3,41
1165,3,93
1167,3,20
1169,47,60
1170,3,58
1172,3,27
1174,3,90
1176,3,28
1177,3,10
1182,4,12
1183,48,84
1184,4,32
1186,4,36
1187,4,60
1189,26,50
1193,4,37
1194,26,71
1195,4,35
1196,4,31
1198,26,26
1199,4,61
1200,48,68
1205,48,19
1208,4,72
1209,4,81
1210,26,17
1214,4,39
1215,26,95
1216,4,41
1220,4,57
1221,26,46
1222,4,44
1223,48,14
1224,48,26
1227,26,70
1231,26,77
1232,4,10
1234,26,64
1236,4,76
1237,26,88
1239,48,75
1240,48,58
1241,48,82
1243,4,45
1245,4,50
1246,4,49
1250,26,57
1257,26,92
1259,4,19
1260,4,71
1261,26,56
1266,26,87
1270,26,30
1271,4,15
1273,26,36
1276,26,48
1277,4,80
1279,48,1
1280,4,26
1283,4,13
1284,4,87
1285,4,21
1289,4,22
1294,26,25
1298,4,7
1302,4,33
1303,4,48
1304,4,75
1306,4,92
1308,48,92
1310,26,8
1312,26,100
1314,4,55
1319,4,17
1320,26,10
1321,4,85
1326,26,76
1327,4,79
1328,4,11
1330,26,91
1331,26,49
1335,4,5
1336,4,3
1338,26,35
1341,26,32
1342,4,43
1343,26,14
1347,4,30
1348,4,34
1349,26,75
1353,4,78
1354,4,53
1355,26,83
1358,4,62
1362,26,86
1363,26,12
1364,4,65
1365,4,64
1366,26,80
1371,26,99
1372,4,91
1373,26,11
1377,26,3
1381,26,69
1384,26,44
1385,26,21
1386,4,40
1387,48,90
1389,26,68
1392,4,83
1395,4,66
1401,26,13
1404,4,74
1405,26,39
1406,26,67
1408,26,73
1409,4,20
1410,4,51
1412,4,96
1414,26,74
1415,4,77
1417,4,4
1418,26,23
1420,4,52
1421,48,66
1423,48,38
1426,4,95
1433,4,88
1440,26,62
1444,4,84
1446,4,14
1451,26,66
1452,48,3
1453,26,41
1455,4,6
1456,26,65
1457,4,94
1458,26,58
1459,48,51
1462,48,100
1465,4,58
1467,48,78
1468,26,98
1469,4,56
1470,4,8
1471,26,22
1472,4,89
1473,48,31
1480,26,47
1482,4,24
1483,26,85
1484,4,23
1486,4,28
1488,4,18
1489,4,16
1493,26,34
1494,4,82
1495,26,2
1497,26,94
1500,4,99
1504,26,29
1507,4,47
1509,26,38
1510,4,97
1513,26,27
1518,4,70
1521,26,6
1522,4,25
1524,26,24
1529,26,31
1531,4,29
1534,4,42
1535,26,78
1536,4,27
1537,48,88
1540,48,99
1541,4,98
1545,26,90
1546,4,90
1547,26,9
1548,4,100
1550,4,46
1553,4,2
1554,48,34
1555,4,38
1559,26,97
1560,26,93
1561,26,16
1563,26,18
1565,4,73
1566,26,61
1567,4,54
1568,4,93
1569,48,86
1572,4,1
1574,4,86
1575,48,70
1577,4,9
1580,4,59
1581,26,53
1582,4,67
1583,26,42
1584,26,54
1585,4,68
1587,4,63
1588,4,69
1594,27,81
1596,5,81
1597,5,100
1598,5,84
1599,5,32
1600,27,77
1603,27,13
1604,5,26
1605,27,80
1608,5,72
1611,49,54
1612,5,43
1618,5,19
1619,49,42
1621,5,27
1622,27,48
1623,5,90
1624,5,33
1629,5,11
1630,5,44
1632,5,89
1635,27,84
1636,5,68
1640,27,10
1644,27,90
1651,49,91
1657,5,18
1659,5,60
1662,27,76
1668,27,15
1669,5,6
1671,49,61
1673,27,55
1678,5,76
1679,27,63
1680,49,74
1683,5,95
1684,27,58
1686,5,46
1687,5,15
1694,49,79
1695,5,88
1698,49,15
1705,5,22
1707,27,21
1708,49,78
1709,5,55
1711,27,72
1714,5,59
1715,27,43
1718,5,25
1719,5,28
1725,27,17
1727,5,17
1728,5,65
1729,5,45
1733,5,35
1735,5,87
1738,27,38
1739,49,48
1744,5,13
1746,27,28
1748,5,71
1749,5,64
1750,5,40
1757,5,39
1758,5,69
1759,5,52
1760,49,2
1762,27,19
1763,5,96
1769,5,24
1771,5,91
1772,5,30
1774,5,94
1775,27,57
1777,27,9
1778,27,51
1781,49,100
1782,27,54
1791,27,47
1794,27,70
1796,27,49
1799,27,41
1800,5,98
1802,5,20
1804,5,4
1808,27,65
1809,27,11
1810,5,80
1811,5,34
1812,49,58
1817,27,69
1820,27,25
1821,5,8
1825,27,31
1828,49,68
1831,5,63
1832,5,85
1833,27,45
1834,5,12
1837,5,14
1839,27,62
1840,5,99
1842,5,57
1843,27,23
1847,27,40
1849,5,86
1851,27,64
1853,5,7
1855,5,29
1858,27,22
1860,27,68
1864,5,74
1867,5,77
1869,5,75
1872,49,73
1873,5,38
1874,49,23
1877,5,16
1879,27,79
1880,49,98
1881,27,92
1892,27,96
1897,27,26
1901,27,94
1902,5,23
1910,27,95
1914,49,72
1915,49,19
1916,5,50
1917,5,83
1921,5,62
1926,5,56
1927,27,71
1929,5,66
1931,5,53
1933,27,75
1935,27,33
1936,27,93
1939,5,9
1941,5,82
1943,27,99
1945,27,46
1946,27,100
1952,5,21
1953,5,92
1958,5,2
1963,27,52
1964,27,61
1965,49,18
1970,5,41
1972,5,1
1975,27,37
1976,27,36
1978,49,84
1979,5,51
1982,27,97
1983,27,98
1987,5,93
1988,27,4
1997,5,3
2000,27,18
2004,27,74
2005,5,37
2008,27,87
2009,5,49
2011,5,31
2012,5,58
2013,27,24
2014,27,16
2016,27,53
2017,27,60
2018,5,48
2020,5,54
2023,5,70
2027,27,32
2030,5,5
2034,5,67
2037,27,59
2038,5,42
2039,27,67
2040,5,61
2042,27,56
2043,27,44
2044,5,10
2048,27,39
2049,27,86
2050,5,47
2051,5,73
2052,5,36
2053,5,78
2054,27,73
2055,5,79
2056,27,20
2058,5,97
2059,27,78
2060,49,69
2062,27,85
2064,49,66
2068,50,38
2069,28,91
2074,6,57
2077,50,70
2079,6,47
2083,6,95
2085,28,59
2088,50,49
2095,50,30
2098,6,3
2100,6,39
2103,50,91
2106,50,98
2107,50,4
2108,6,74
2109,50,7
2111,6,35
2113,6,60
2116,28,55
2117,6,22
2121,28,66
2122,6,63
2123,6,8
2126,50,33
2129,6,50
2130,6,1
2135,6,59
2137,50,79
2146,6,79
2149,28,96
2159,50,89
2167,6,55
2171,6,97
2174,6,44
2175,6,81
2181,50,88
2184,6,54
2186,28,85
2195,50,56
2201,50,77
2203,6,17
2211,6,90
2212,6,72
2214,6,48
2215,50,97
2217,28,56
2218,6,67
2219,6,92
2220,50,1
2224,6,61
2225,28,9
2227,28,76
2229,28,62
2230,6,82
2233,28,87
2234,6,12
2235,6,84
2240,50,76
2241,6,93
2242,28,75
2244,6,30
2245,28,3
2254,6,80
2255,28,47
2257,6,51
2258,28,84
2262,6,15
2265,28,69
2271,6,32
2274,6,40
2275,28,39
2277,28,46
2282,28,4
2288,6,62
2289,6,23
2294,6,99
2299,28,80
2301,6,42
2302,6,16
2303,6,73
2305,50,48
2308,6,52
2309,6,87
2311,6,70
2312,6,29
2319,28,30
2320,6,6
2321,6,36
2326,6,89
2331,28,44
2332,50,9
2334,50,65
2338,28,83
2340,28,18
2346,50,62
2348,6,94
2349,6,33
2350,6,11
2351,6,31
2352,6,53
2353,6,43
2354,6,18
2362,50,14
2363,6,68
2364,28,89
2365,28,78
2366,6,7
2370,50,85
2371,28,61
2375,6,34
2377,28,36
2379,6,85
2384,28,73
2386,6,83
2391,6,19
2396,28,57
2398,6,69
2399,50,96
2402,28,77
2404,6,45
2405,6,71
2408,28,50
2413,6,86
2414,6,14
2418,50,32
2421,28,95
2422,28,41
2429,50,83
2430,6,25
2433,28,98
2435,28,52
2440,6,77
2442,6,2
2444,50,3
2448,6,38
2449,6,75
2455,6,21
2456,6,4
2459,6,41
2465,28,86
2466,6,46
2468,28,93
2469,28,43
2472,6,37
2473,28,100
2480,6,76
2481,28,24
2484,6,49
2486,6,91
2487,28,99
2489,28,71
2490,28,68
2494,6,26
2495,6,88
2497,28,92
2498,28,21
2500,28,70
2505,28,37
2507,50,16
2509,28,26
2512,28,64
2516,28,88
2520,6,20
2522,28,82
2524,6,24
2528,6,27
2530,50,64
2531,6,10
2532,6,96
2534,50,80
2535,50,74
2536,28,25
2537,6,58
2541,6,65
2546,6,64
2549,28,34
2550,50,99
2551,6,5
2552,6,100
2554,28,33
2557,6,66
2559,6,28
2562,28,48
2563,28,40
2564,28,51
2565,6,56
2566,28,81
2567,28,60
2569,6,13
2570,6,78
2571,6,9
2572,28,72
2575,50,31
2576,28,27
2577,28,49
2579,6,98
2581,29,92
2582,7,10
2583,29,81
2584,29,29
2587,7,77
2597,7,91
2605,7,42
2606,29,38
2609,51,93
2617,7,34
2625,29,88
2626,51,53
2629,29,46
2632,7,18
2633,7,8
2634,29,99
2638,29,48
2642,7,57
2645,7,17
2646,7,30
2647,51,87
2650,7,51
2651,51,34
2652,29,85
2654,51,88
2659,29,84
2660,51,77
2661,7,24
2662,7,41
2664,29,40
2668,7,69
2672,7,67
2674,29,47
2683,51,86
2684,7,71
2685,29,72
2686,7,31
2687,29,8
2689,7,53
2690,7,9
2700,51,48
2703,51,20
2704,7,99
2705,29,42
2707,7,66
2709,29,80
2710,7,48
2711,7,95
2712,51,12
2714,7,96
2718,29,50
2721,7,75
2723,29,71
2728,29,61
2731,51,44
2733,7,88
2734,7,49
2736,29,57
2742,29,10
2743,7,81
2748,7,13
2749,7,32
2750,7,98
2752,7,60
2759,7,3
2760,7,52
2761,51,75
2765,29,28
2767,7,80
2769,51,68
2771,51,58
2774,29,75
2780,29,65
2782,29,13
2785,7,59
2789,29,11
2791,51,92
2794,29,76
2796,7,87
2797,7,50
2801,7,62
2804,7,86
2805,7,82
2806,7,73
2812,29,53
2814,29,58
2815,29,52
2817,7,79
2819,29,41
2822,7,56
2829,7,94
2833,29,39
2834,7,78
2836,7,85
2839,29,5
2842,7,37
2843,51,26
2851,29,74
2853,29,14
2854,29,77
2858,7,35
2861,51,43
2865,29,26
2871,7,76
2872,7,93
2873,29,33
2874,7,64
2875,29,22
2878,29,79
2880,7,16
2883,51,91
2884,51,7
2888,51,41
2892,7,44
2893,7,100
2894,29,23
2895,29,34
2897,7,5
2903,51,100
2908,7,14
2909,7,97
2910,29,69
2912,29,44
2913,7,23
2915,7,26
2916,7,89
2917,29,70
2918,7,63
2929,29,95
2939,29,56
2940,7,65
2943,7,21
2948,51,78
2951,29,91
2955,29,98
2957,7,70
2961,51,90
2963,29,87
2965,7,2
2967,51,8
2969,7,20
2974,7,61
2976,7,15
2977,29,86
2978,7,39
2980,7,11
2986,29,100
2987,51,64
2988,7,55
2991,7,46
2993,7,58
2994,7,38
2996,7,36
2997,29,31
2998,7,29
3001,29,15
3004,29,9
3006,7,92
3010,29,43
3011,7,47
3015,7,6
3016,7,72
3018,7,68
3019,51,46
3022,7,22
3028,51,98
3029,51,5
3031,51,61
3032,7,25
3033,29,54
3034,7,84
3038,29,93
3040,7,33
3043,7,45
3045,7,43
3047,7,74
3050,29,49
3052,29,63
3053,29,17
3055,7,12
3060,7,4
3065,7,28
3066,7,83
3067,29,16
3068,29,24
3073,51,25
3077,51,95
3078,7,54
3079,29,20
3083,29,36
3085,7,40
3086,7,7
3088,29,21
3089,29,89
3090,29,97
3091,7,27
3092,29,32
3093,29,45
3094,29,78
3096,7,19
3097,7,90
3101,7,1
3102,29,83
3109,52,23
3113,52,94
3114,8,97
3116,52,77
3119,8,57
3121,8,73
3122,8,78
3125,52,93
3126,8,90
3127,30,22
3130,30,88
3131,8,64
3133,8,83
3142,52,62
3143,30,85
3145,8,31
3146,52,82
3150,8,77
3151,8,71
3153,30,37
3163,8,45
3167,8,93
3168,30,59
3169,8,48
3171,30,5
3174,8,17
3175,8,25
3180,52,47
3181,52,89
3184,8,24
3190,8,13
3192,30,84
3193,30,64
3194,30,97
3195,52,43
3200,8,76
3201,8,46
3202,30,75
3203,8,1
3204,30,92
3208,8,91
3210,52,87
3213,8,53
3218,30,57
3221,30,100
3226,52,56
3227,8,52
3228,8,79
3234,30,66
3235,8,32
3236,52,76
3238,8,54
3240,30,87
3241,8,21
3242,52,46
3247,8,65
3248,52,81
3255,8,67
3256,8,9
3261,30,2
3263,8,40
3265,8,41
3271,8,94
3275,8,8
3283,8,43
3285,30,38
3291,30,71
3292,8,70
3293,8,34
3294,30,8
3300,8,14
3301,30,69
3303,8,27
3304,8,51
3305,30,82
3307,30,65
3308,52,86
3312,8,99
3313,52,72
3315,30,43
3319,8,98
3320,8,84
3321,8,39
3322,30,46
3323,8,72
3326,30,74
3328,8,36
3331,8,62
3332,30,30
3335,8,2
3336,8,68
3339,30,4
3341,8,50
3344,30,11
3350,8,81
3351,8,47
3354,8,33
3355,30,95
3356,30,31
3358,8,49
3359,52,41
3361,8,7
3363,8,92
3364,8,35
3365,8,10
3370,30,72
3371,8,75
3373,8,11
3382,8,88
3383,30,94
3385,30,48
3388,30,91
3391,8,60
3393,30,80
3394,8,20
3399,8,37
3401,52,78
3410,52,71
3411,8,86
3413,30,24
3418,8,56
3421,8,18
3424,30,61
3428,30,32
3430,30,63
3431,8,28
3433,52,49
3437,8,30
3440,8,55
3442,30,86
3443,8,80
3444,30,56
3446,30,60
3450,52,42
3453,30,78
3454,8,89
3456,30,51
3458,8,22
3461,8,87
3462,8,26
3463,8,74
3468,8,42
3474,30,62
3476,8,61
3479,30,93
3481,30,49
3482,8,95
3490,8,15
3492,30,52
3496,52,97
3498,30,53
3500,8,59
3501,30,34
3504,8,38
3507,8,19
3510,30,90
3511,8,5
3514,8,100
3516,30,81
3517,30,33
3524,30,40
3525,8,63
3526,30,54
3527,8,82
3529,30,19
3533,8,44
3535,8,12
3540,8,4
3541,8,66
3542,8,29
3543,8,85
3544,8,16
3549,30,21
3550,52,83
3551,8,58
3553,30,55
3554,8,96
3555,30,10
3557,52,90
3560,30,73
3561,30,47
3562,30,68
3564,8,23
3565,30,89
3566,30,9
3567,8,6
3568,30,76
3570,52,64
3571,8,3
3573,8,69
3575,53,41
3577,9,73
3579,31,64
3581,31,94
3583,31,5
3585,9,32
3586,9,44
3587,9,27
3588,53,8
3589,9,1
3590,9,21
3593,31,17
3594,31,18
3597,9,91
3601,31,91
3603,9,61
3605,31,35
3607,9,37
3608,53,52
3612,53,57
3613,31,28
3614,53,90
3616,31,83
3618,31,63
3620,9,50
3621,9,65
3623,31,41
3624,9,18
3626,9,99
3629,31,84
3630,53,84
3631,9,58
3632,9,72
3633,31,23
3634,53,30
3635,53,95
3640,9,19
3642,9,97
3645,31,55
3646,53,56
3648,9,85
3649,31,76
3651,53,45
3655,9,90
3659,53,83
3662,9,8
3663,9,56
3664,31,66
3668,9,84
3669,9,75
3672,31,87
3674,9,6
3680,53,25
3681,9,55
3683,9,80
3686,9,59
3690,31,89
3694,9,45
3695,53,29
3697,31,26
3698,31,43
3701,53,60
3705,53,76
3708,31,74
3709,9,86
3710,9,87
3712,9,11
3715,9,46
3716,53,89
3718,9,98
3722,53,2
3728,31,11
3729,9,79
3730,53,23
3731,31,82
3736,9,43
3738,31,36
3740,9,7
3741,31,3
3742,31,98
3745,9,36
3746,53,81
3747,31,37
3750,31,34
3753,9,64
3754,9,63
3758,31,40
3759,9,33
3760,9,62
3761,9,31
3762,9,12
3764,31,6
3765,31,9
3768,31,42
3771,31,95
3776,9,52
3777,9,83
3778,9,2
3779,31,14
3781,31,15
3782,9,23
3785,9,68
3787,9,74
3793,9,96
3794,9,48
3795,31,80
3797,9,51
3799,9,47
3800,9,70
3803,31,20
3806,9,15
3807,9,76
3808,9,60
3814,9,5
3815,31,46
3816,9,41
3817,31,47
3819,9,29
3823,31,51
3826,31,24
3834,9,82
3835,9,57
3840,31,39
3841,9,67
3842,9,88
3844,31,73
3846,9,92
3847,9,13
3850,9,22
3852,31,88
3854,31,21
3855,9,77
3858,9,54
3859,9,71
3866,31,19
3868,9,42
3877,31,100
3878,9,78
3881,53,93
3882,53,87
3886,31,57
3891,9,66
3894,9,14
3896,31,22
3898,31,92
3899,53,99
3901,31,99
3902,9,28
3903,31,50
3904,31,71
3905,31,86
3908,9,93
3910,9,16
3911,31,69
3913,9,95
3915,31,33
3917,53,18
3919,53,4
3920,9,100
3921,9,30
3922,31,68
3923,31,93
3924,9,40
3926,9,26
3927,53,32
3929,31,48
3930,31,45
3932,9,25
3933,53,86
3938,31,60
3940,31,81
3941,9,49
3942,31,62
3943,31,79
3945,31,96
3946,9,9
3947,9,10
3948,31,49
3952,31,8
3955,9,39
3956,31,65
3959,9,53
3960,31,7
3962,9,20
3965,9,38
3966,9,24
3968,31,70
3970,31,85
3971,9,34
3976,31,78
3977,9,69
3979,31,31
3981,9,81
3984,9,35
3986,31,29
3987,9,3
3989,31,61
3990,9,17
3994,31,58
3995,9,89
3996,31,72
3997,31,54
3998,9,4
3999,9,94
4000,31,77
4002,10,48
4003,54,66
4006,54,56
4007,54,63
4011,54,80
4012,32,41
4013,10,40
4018,32,67
4021,10,60
4022,32,17
4025,10,45
4027,54,62
4028,32,72
4031,32,30
4032,10,8
4033,10,80
4034,10,57
4035,10,35
4038,54,50
4039,10,74
4044,32,91
4045,10,54
4046,10,97
4047,10,44
4053,32,3
4055,54,76
4056,54,99
4061,10,46
4063,32,65
4064,32,69
4065,32,22
4066,10,58
4069,54,71
4071,10,5
4073,32,49
4077,54,42
4078,10,6
4079,10,62
4082,32,62
4083,10,12
4086,10,28
4088,10,81
4090,10,30
4091,32,38
4092,32,94
4093,32,88
4095,32,87
4097,32,78
4098,10,63
4100,10,82
4102,32,96
4103,10,93
4104,10,73
4105,54,28
4106,10,38
4107,32,93
4111,10,27
4114,10,16
4117,10,90
4118,32,37
4119,10,29
4126,32,34
4128,10,98
4130,10,14
4132,10,32
4133,32,12
4136,32,80
4137,10,51
4138,10,49
4140,10,96
4142,10,25
4143,54,90
4144,10,7
4147,10,70
4150,10,79
4151,32,54
4153,10,17
4155,10,89
4157,10,43
4159,32,26
4161,32,66
4166,32,55
4169,32,56
4170,32,2
4171,10,53
4173,32,92
4176,10,1
4177,32,100
4178,32,48
4179,32,29
4180,10,9
4184,32,25
4185,10,75
4187,10,95
4188,10,65
4190,10,52
4191,10,59
4192,10,67
4193,10,76
4195,54,88
4196,10,23
4197,32,47
4200,32,77
4202,10,41
4204,10,77
4205,32,35
4206,10,47
4207,10,68
4208,54,53
4209,10,19
4210,10,91
4211,32,98
4215,32,24
4217,32,45
4220,10,42
4223,10,10
4225,10,24
4227,54,74
4229,10,37
4234,32,6
4236,10,15
4239,10,4
4240,10,64
4247,32,53
4250,32,58
4256,32,75
4257,10,92
4259,32,95
4260,32,61
4261,32,40
4262,10,71
4269,54,69
4272,10,3
4273,10,36
4274,10,69
4275,32,52
4276,10,99
4278,32,47
4282,32,83
4283,32,51
4291,32,28
4292,32,10
4293,32,90
4298,10,18
4302,32,71
4304,10,88
4305,10,86
4308,10,11
4309,10,100
4310,32,86
4311,10,94
4313,10,34
4317,32,36
4320,10,33
4321,54,78
4322,32,20
4325,32,64
4326,54,84
4327,54,67
4329,54,45
4330,32,60
4332,32,44
4337,10,83
4338,32,82
4340,10,50
4342,10,72
4343,32,73
4344,54,44
4345,32,89
4346,32,13
4348,10,22
4350,32,97
4352,10,56
4356,10,84
4357,10,61
4360,32,85
4362,32,32
4364,10,13
4365,32,23
4366,10,87
4367,32,70
4368,32,99
4369,10,85
4370,32,31
4376,32,79
4380,10,66
4384,10,26
4385,10,55
4386,10,78
4388,32,43
4391,10,20
4393,10,21
4395,32,50
4397,32,63
4398,10,39
4399,32,76
4400,32,18
4401,10,2
4403,54,91
4405,10,31
4406,11,36
4408,33,87
4409,55,51
4414,11,31
4415,33,17
4419,33,48
4424,33,81
4428,11,22
4429,55,31
4432,33,94
4434,11,72
4435,33,79
4437,33,28
4438,33,73
4439,33,99
4441,11,100
4445,33,9
4446,11,51
4448,11,5
4449,33,92
4450,11,87
4452,11,71
4453,11,63
4454,33,93
4456,11,84
4457,33,14
4459,11,29
4461,33,39
4462,11,42
4464,33,56
4466,33,86
4469,11,70
4471,33,76
4472,11,60
4473,11,40
4474,11,19
4477,11,61
4479,11,15
4480,11,82
4481,55,62
4484,33,47
4485,11,67
4489,55,39
4491,33,13
4498,55,80
4499,55,37
4500,33,63
4501,11,96
4507,11,69
4512,11,14
4514,33,11
4515,11,99
4520,11,34
4522,11,68
4529,11,64
4530,33,54
4531,33,32
4535,11,46
4540,33,7
4544,11,90
4547,11,62
4548,11,73
4554,33,23
4561,33,80
4563,11,45
4564,33,44
4567,33,75
4569,11,55
4570,11,27
4574,33,19
4577,11,81
4579,33,62
4581,11,56
4585,33,60
4589,11,38
4591,33,35
4592,33,43
4593,11,91
4594,11,4
4595,11,9
4597,11,79
4598,11,43
4599,33,90
4600,11,88
4601,11,77
4602,55,57
4603,11,3
4605,33,69
4606,11,83
4607,33,27
4608,11,16
4613,33,25
4614,33,4
4616,11,94
4617,33,31
4619,11,11
4620,11,98
4622,33,71
4623,11,50
4624,11,75
4626,55,17
4627,11,74
4629,11,76
4631,11,49
4633,33,15
4637,33,38
4638,11,52
4640,11,48
4649,55,44
4650,11,13
4656,33,22
4659,11,20
4660,55,81
4665,33,5
4667,33,24
4669,11,6
4670,33,68
4671,55,61
4674,33,46
4675,11,57
4676,11,53
4678,11,10
4679,55,70
4683,33,70
4685,11,35
4686,33,53
4689,11,12
4690,33,42
4692,11,85
4693,11,25
4697,11,80
4699,11,86
4705,33,34
4707,55,95
4710,33,83
4711,55,74
4712,33,100
4713,33,58
4714,11,89
4717,11,78
4719,33,72
4720,55,64
4722,33,78
4723,11,32
4724,33,84
4725,55,65
4726,55,56
4730,55,14
4731,55,69
4732,11,41
4734,11,1
4736,55,76
4737,11,7
4738,33,96
4742,11,26
4749,11,2
4753,33,57
4754,33,74
4755,33,52
4756,11,66
4757,11,17
4760,33,37
4764,11,93
4765,11,95
4767,33,82
4768,33,49
4772,11,47
4776,11,23
4778,33,64
4782,11,18
4784,33,36
4789,33,30
4790,11,92
4791,33,51
4793,33,6
4796,33,89
4798,11,30
4799,33,61
4800,33,88
4801,33,85
4802,11,97
4805,11,8
4806,11,58
4809,11,44
4811,33,98
4816,11,54
4818,33,66
4819,11,39
4821,33,67
4825,55,68
4826,11,59
4827,33,10
4828,33,95
4830,33,65
4832,55,85
4833,11,33
4834,11,21
4835,33,97
4836,11,24
4837,11,37
4838,55,100
4839,11,28
4841,11,65
4843,12,95
4845,12,83
4850,34,32
4852,12,79
4855,34,97
4880,34,63
4881,34,24
4882,12,99
4884,12,7
4889,34,54
4891,12,67
4892,12,48
4895,34,56
4898,56,85
4899,34,87
4901,12,13
4906,12,68
4908,34,49
4910,12,9
4912,34,14
4913,56,97
4914,12,28
4916,56,19
4918,12,59
4919,56,98
4923,34,90
4924,12,75
4925,12,56
4929,34,40
4930,12,3
4931,34,42
4932,34,89
4934,12,71
4936,12,4
4938,12,8
4943,34,7
4945,12,42
4947,12,54
4950,34,21
4952,56,75
4953,12,87
4954,34,96
4963,34,43
4965,12,21
4970,34,77
4971,12,96
4973,34,80
4977,34,51
4978,34,34
4983,12,50
4986,12,40
4988,56,39
4993,34,66
4994,12,6
4995,12,23
4996,12,12
5000,34,33
5003,56,80
5008,12,77
5010,56,70
5013,56,55
5019,34,3
5020,12,17
5021,12,72
5029,34,65
5035,12,55
5037,12,37
5038,34,13
5041,34,41
5042,34,18
5044,12,20
5045,12,38
5050,12,33
5053,12,98
5054,12,66
5056,34,6
5063,34,8
5064,12,27
5069,12,60
5070,34,10
5072,34,95
5080,34,59
5081,34,19
5089,34,4
5090,12,97
5098,12,52
5099,12,57
5101,34,39
5102,56,68
5103,12,24
5105,56,83
5108,56,58
5110,12,15
5115,12,80
5118,12,84
5121,34,5
5122,34,64
5126,12,63
5128,12,70
5129,34,29
5130,34,55
5134,12,78
5138,12,49
5139,12,14
5140,34,71
5141,12,100
5144,12,31
5146,34,9
5147,34,100
5150,34,38
5151,56,9
5152,34,79
5153,34,73
5156,12,43
5160,34,68
5162,34,69
5165,56,82
5173,56,49
5175,12,85
5176,12,94
5182,34,93
5184,34,78
5185,12,74
5186,12,91
5188,12,51
5189,12,58
5193,12,64
5197,34,23
5202,12,11
5203,12,93
5204,34,58
5205,12,2
5207,12,41
5209,12,47
5216,12,61
5219,34,84
5223,56,95
5224,12,10
5228,12,35
5230,12,34
5231,34,47
5233,12,53
5236,56,48
5238,56,86
5239,12,32
5241,12,16
5242,56,81
5244,12,89
5245,12,36
5248,56,59
5250,34,44
5251,34,94
5252,34,62
5254,56,67
5256,12,81
5261,12,46
5266,34,52
5268,12,30
5271,56,100
5275,34,98
5277,12,29
5278,12,62
5279,12,76
5282,34,60
5286,34,92
5287,56,10
5288,56,61
5291,34,53
5295,34,61
5307,34,67
5309,12,88
5310,34,75
5313,34,50
5314,12,86
5315,34,46
5317,12,39
5321,12,22
5322,12,82
5332,34,16
5334,12,65
5336,12,26
5337,34,91
5338,12,5
5339,12,73
5341,12,69
5343,12,90
5346,12,45
5349,34,81
5350,56,66
5355,56,1
5357,12,19
5358,12,18
5359,56,7
5360,34,88
5361,34,74
5363,34,86
5366,12,92
5367,34,27
5368,34,17
5370,34,30
5374,12,25
5375,34,83
5376,34,72
5377,34,85
5378,34,31
5379,12,44
5380,12,1
5382,34,70
5384,13,30
5385,13,66
5389,35,69
5392,35,100
5398,13,100
5399,57,73
5403,35,52
5404,35,92
5408,35,61
5412,13,93
5413,35,96
5415,35,29
5418,35,26
5420,57,68
5423,35,42
5425,13,65
5426,13,83
5427,57,59
5430,35,63
5431,13,38
5432,57,70
5437,35,38
5440,13,39
5442,35,85
5443,35,73
5444,57,33
5448,13,91
5449,35,93
5453,35,56
5456,35,45
5459,13,5
5462,13,98
5463,13,1
5464,13,22
5466,13,59
5467,35,16
5474,13,62
5475,35,22
5485,13,7
5486,57,98
5492,13,24
5493,35,5
5494,13,88
5497,13,82
5502,35,82
5505,35,44
5507,35,81
5516,13,57
5523,35,87
5524,13,23
5525,35,13
5527,35,90
5532,13,42
5534,13,27
5537,13,20
5538,57,43
5542,13,94
5543,13,26
5546,13,74
5547,13,56
5553,57,97
5556,13,90
5559,57,58
5563,35,2
5564,35,99
5568,35,41
5572,13,41
5574,13,70
5576,13,72
5580,13,28
5582,35,31
5584,35,28
5585,57,95
5587,13,6
5590,13,92
5593,13,81
5599,13,54
5600,35,68
5601,35,30
5603,13,16
5605,13,17
5606,35,72
5615,35,84
5616,35,21
5623,35,65
5626,35,4
5627,35,98
5628,13,78
5632,35,80
5634,35,64
5640,35,53
5641,35,24
5643,35,91
5644,13,76
5647,13,14
5651,35,86
5652,13,84
5654,13,50
5656,35,17
5658,35,6
5659,35,48
5660,13,58
5663,35,74
5667,13,71
5670,13,73
5673,35,57
5675,13,61
5680,13,67
5681,13,55
5682,13,40
5684,13,47
5685,13,95
5687,13,36
5693,35,75
5702,35,36
5711,35,34
5712,35,88
5720,35,67
5722,13,29
5723,57,84
5725,35,40
5728,57,69
5731,13,60
5732,35,79
5733,57,83
5738,57,76
5739,35,76
5741,35,77
5744,13,25
5749,57,93
5756,13,49
5760,57,92
5764,13,87
5767,35,39
5769,13,13
5770,57,38
5774,35,14
5775,35,51
5778,35,95
5779,13,10
5780,13,99
5783,35,43
5789,35,60
5790,13,18
5791,35,58
5792,57,60
5798,13,19
5805,13,80
5806,13,4
5808,13,32
5809,35,46
5810,13,63
5813,57,25
5816,13,12
5825,13,77
5826,13,45
5827,35,54
5829,35,35
5833,13,21
5835,13,15
5836,35,70
5841,13,64
5846,57,47
5847,13,44
5849,35,12
5853,35,33
5856,13,69
5864,13,68
5865,13,8
5871,57,91
5873,35,15
5875,13,97
5876,13,75
5881,13,9
5883,13,34
5884,13,85
5887,13,51
5888,57,90
5892,13,96
5894,13,37
5895,35,50
5896,13,48
5897,35,66
5898,35,71
5901,13,86
5902,13,46
5903,13,52
5907,35,55
5915,57,99
5922,13,33
5924,13,79
5927,13,35
5934,35,3
5936,13,3
5937,35,94
5938,13,2
5940,13,11
5942,35,32
5945,13,89
5946,35,62
5947,13,31
5948,35,10
5950,13,43
5951,13,53
5955,14,28
5957,36,83
5958,36,85
5961,36,57
5967,14,58
5973,36,53
5977,36,59
5981,36,42
5982,58,96
5986,14,92
5991,14,8
5992,36,51
5993,14,71
5996,36,80
5997,14,80
5998,14,85
6000,14,98
6003,58,47
6004,36,32
6005,58,100
6008,14,77
6009,14,41
6016,58,74
6025,36,88
6026,14,40
6028,14,64
6030,36,89
6035,14,20
6038,14,53
6045,36,29
6056,14,87
6058,36,44
6059,58,61
6060,36,98
6067,14,42
6074,36,37
6076,36,66
6079,14,37
6083,36,64
6086,14,47
6087,36,92
6088,36,50
6089,58,73
6098,36,25
6104,36,76
6105,14,44
6106,36,79
6111,36,47
6113,14,83
6115,14,52
6116,14,56
6117,14,79
6121,36,10
6127,14,100
6130,14,88
6131,36,72
6139,58,68
6140,14,91
6143,36,3
6147,14,78
6148,58,84
6157,14,5
6158,36,20
6161,14,46
6163,36,5
6168,14,33
6170,58,99
6172,36,36
6173,14,3
6174,36,97
6175,36,34
6176,14,59
6177,14,84
6179,36,28
6181,14,26
6182,36,22
6189,14,81
6191,14,65
6193,36,62
6195,36,27
6203,36,21
6204,14,25
6206,14,49
6207,14,48
6210,14,62
6211,36,1
6213,36,100
6216,14,34
6218,36,26
6222,36,9
6225,14,72
6228,14,13
6231,14,22
6234,36,68
6236,36,67
6238,36,41
6240,36,19
6243,14,54
6249,14,19
6250,36,49
6252,36,4
6257,14,73
6259,14,31
6262,58,93
6263,14,23
6270,36,55
6271,36,78
6272,58,86
6273,14,6
6274,36,18
6276,14,63
6278,14,15
6284,36,16
6289,36,87
6293,14,60
6298,14,35
6300,36,70
6301,36,46
6303,36,15
6305,14,57
6307,58,82
6309,36,84
6317,14,29
6319,58,18
6320,36,30
6321,36,91
6326,36,63
6332,14,32
6334,58,27
6336,14,45
6339,36,69
6341,14,82
6353,58,95
6358,58,10
6360,14,50
6365,36,45
6368,58,16
6373,14,76
6375,14,95
6378,36,71
6380,14,68
6382,58,81
6383,14,39
6384,14,61
6387,14,97
6394,36,23
6395,36,48
6396,58,40
6403,36,74
6407,14,94
6413,14,17
6414,14,69
6415,14,74
6423,14,2
6431,14,11
6436,14,36
6440,14,70
6449,58,15
6450,14,1
6452,14,12
6457,36,40
6459,58,64
6463,14,67
6470,14,10
6473,36,96
6475,36,52
6476,14,21
6478,36,86
6482,14,55
6484,36,24
6489,36,77
6495,14,30
6499,14,38
6511,14,24
6512,36,11
6520,14,14
6523,14,16
6527,14,90
6529,14,75
6531,14,89
6535,14,43
6536,36,8
6540,14,93
6542,36,99
6544,14,4
6547,14,66
6551,14,86
6555,14,9
6557,58,30
6558,36,75
6560,36,7
6561,14,51
6563,36,39
6564,14,7
6567,14,18
6568,14,27
6571,36,43
6572,36,94
6574,36,61
6575,14,96
6576,36,35
6577,14,99
6579,36,56
6580,59,86
6583,37,85
6594,37,75
6602,37,62
6606,37,79
6611,15,34
6612,37,71
6614,15,42
6622,59,33
6624,15,95
6630,15,100
6634,15,33
6635,37,58
6640,37,26
6645,59,28
6651,15,79
6655,15,54
6658,37,84
6660,15,25
6662,37,45
6667,15,89
6668,15,17
6669,37,35
6676,37,78
6678,15,12
6682,15,5
6684,37,65
6687,37,40
6699,37,33
6700,15,88
6701,15,66
6706,59,34
6716,37,14
6718,37,70
6724,37,5
6726,15,27
6732,15,59
6742,37,53
6743,15,67
6745,37,90
6748,37,49
6756,15,23
6763,15,72
6768,15,45
6773,37,91
6787,15,4
6789,37,4
6792,37,56
6798,37,47
6803,15,94
6809,37,3
6813,15,82
6815,37,96
6818,15,20
6820,15,96
6824,37,7
6826,37,44
6828,15,43
6832,37,29
6835,15,16
6842,37,9
6843,15,97
6848,15,74
6849,37,39
6854,15,35
6855,37,38
6860,15,84
6864,15,11
6865,15,64
6868,59,73
6871,15,83
6877,15,53
6884,15,40
6885,37,100
6890,15,31
6893,37,8
6897,37,83
6903,15,18
6906,15,48
6907,15,50
6910,15,1
6911,15,68
6918,15,51
6928,37,99
6929,37,54
6934,37,95
6938,37,59
6939,37,16
6947,15,80
6950,59,90
6951,15,86
6956,15,57
6961,15,85
6962,37,67
6964,37,23
6965,15,91
6969,37,93
6970,15,75
6974,37,94
6978,37,50
6979,37,64
6981,15,77
6986,59,80
6987,59,67
6988,15,41
6992,37,63
6998,15,52
7001,37,68
7012,15,70
7017,15,21
7018,15,38
7024,15,76
7025,15,71
7031,59,32
7033,59,96
7034,15,32
7037,37,73
7040,15,37
7041,15,92
7042,37,89
7046,15,81
7052,37,32
7055,59,99
7056,15,73
7057,37,82
7065,15,61
7067,37,52
7070,59,93
7073,37,42
7075,15,69
7076,15,63
7080,37,72
7086,59,68
7090,37,43
7092,59,76
7095,37,77
7098,37,76
7099,15,6
7101,15,10
7104,15,15
7106,15,65
7108,37,24
7109,15,90
7110,15,93
7112,59,55
7113,59,75
7114,15,8
7115,15,30
7120,15,14
7122,15,19
7123,15,60
7124,37,17
7128,37,69
7133,15,78
7138,59,31
7139,15,98
7143,37,1
7144,15,7
7147,15,87
7149,37,27
7156,37,46
7163,37,48
7164,15,46
7168,15,36
7175,15,99
7177,15,49
7180,15,39
7182,15,28
7184,37,21
7187,37,87
7188,37,98
7192,15,22
7193,37,31
7196,37,74
7199,15,56
7206,15,55
7207,37,92
7212,37,41
7214,15,47
7216,15,24
7221,15,44
7225,37,15
7226,37,81
7227,15,2
7228,37,86
7229,15,26
7230,15,13
7231,15,9
7232,37,18
7233,37,97
7234,37,36
7235,15,3
7236,15,58
7237,59,85
7238,37,30
7239,37,60
7240,15,29
7241,15,62
7242,16,85
7250,38,75
7253,38,50
7260,16,13
7264,16,94
7274,38,85
7280,16,23
7283,16,6
7288,16,28
7289,16,11
7290,38,83
7297,38,19
7302,38,99
7303,38,46
7306,38,15
7307,16,10
7309,38,12
7313,38,88
7318,16,47
7324,16,96
7326,16,35
7332,38,60
7337,16,99
7343,16,98
7344,38,14
7356,38,44
7358,16,69
7360,16,41
7361,38,86
7362,16,37
7372,16,25
7378,38,39
7386,38,87
7387,38,56
7390,60,77
7393,16,33
7395,16,100
7396,16,70
7398,38,95
7403,38,21
7409,16,20
7412,16,84
7414,60,90
7415,16,88
7427,38,52
7432,38,49
7433,16,83
7437,16,36
7440,38,93
7444,16,67
7447,38,4
7464,38,84
7476,16,12
7477,38,54
7484,38,53
7487,38,94
7488,38,22
7495,60,84
7496,38,30
7502,16,56
7503,38,90
7510,38,65
7511,16,66
7512,38,27
7520,38,3
7523,38,89
7528,16,89
7533,16,50
7537,16,3
7557,38,34
7560,60,17
7562,38,10
7563,16,27
7570,16,76
7577,38,29
7578,38,82
7581,16,26
7584,16,42
7587,38,8
7593,16,7
7595,38,45
7596,16,55
7601,16,29
7602,38,79
7603,16,14
7604,38,23
7606,38,61
7611,16,22
7612,38,59
7614,16,97
7615,16,78
7618,38,20
7621,16,45
7624,16,60
7625,16,53
7630,38,13
7633,16,21
7635,16,91
7640,16,90
7647,38,40
7652,16,63
7655,38,69
7660,38,58
7663,38,96
7668,38,68
7669,16,93
7672,16,44
7679,16,77
7682,16,38
7691,16,51
7694,16,86
7697,16,87
7698,16,59
7702,38,38
7706,16,31
7707,38,47
7710,38,48
7712,38,36
7713,16,34
7715,16,48
7718,60,100
7723,16,72
7724,38,72
7726,16,95
7731,60,6
7732,38,64
7734,16,15
7737,38,74
7742,16,9
7746,16,4
7747,16,61
7750,16,32
7753,38,71
7754,38,81
7755,16,46
7758,16,92
7759,16,75
7762,16,81
7763,16,52
7764,38,37
7765,16,49
7766,38,78
7768,16,24
7770,16,62
7773,16,30
7774,38,80
7781,60,79
7783,38,73
7784,16,73
7786,60,51
7788,60,31
7790,60,10
7791,60,64
7794,16,18
7795,16,58
7798,16,19
7801,38,11
7803,16,5
7805,38,55
7806,16,64
7809,60,85
7810,60,73
7813,16,40
7816,60,83
7819,60,74
7820,16,16
7822,16,1
7825,60,88
7827,16,39
7828,60,78
7829,38,25
7830,60,49
7833,16,43
7834,38,31
7835,60,80
7838,38,70
7839,16,80
7840,16,79
7843,16,65
7844,60,98
7846,38,76
7849,60,76
7855,60,92
7857,16,54
7859,16,71
7861,38,77
7862,16,57
7864,38,63
7867,38,92
7868,16,74
7870,38,100
7871,16,8
7872,16,68
7873,16,2
7875,38,91
7876,38,57
7877,38,62
7878,60,60
7879,38,9
7880,38,6
7881,16,17
7889,17,23
7891,39,51
7897,39,57
7901,17,28
7902,39,55
7910,39,35
7911,39,99
7914,61,10
7916,39,43
7919,17,41
7923,39,30
7932,17,56
7935,39,6
7939,17,64
7940,61,56
7942,39,87
7943,17,44
7951,17,34
7956,39,37
7960,17,75
7964,17,17
7965,17,69
7968,39,60
7971,17,84
7973,17,80
7974,39,18
7978,39,80
7984,39,98
7985,61,11
7986,61,6
7987,17,27
7988,61,4
7990,17,20
7991,39,63
7992,17,19
7996,61,35
7999,39,67
8002,17,24
8004,39,1
8010,61,5
8013,17,31
8019,17,47
8022,17,87
8026,61,9
8027,39,32
8028,39,88
8031,17,58
8034,39,97
8036,61,83
8038,39,93
8039,17,68
8042,17,72
8045,17,88
8056,39,85
8061,61,62
8063,61,87
8066,39,50
8075,39,7
8077,17,96
8084,17,18
8085,39,84
8086,17,8
8091,17,40
8095,17,25
8096,17,98
8098,61,90
8099,17,60
8100,39,40
8101,39,29
8103,17,30
8106,39,46
8110,17,93
8114,39,12
8118,39,90
8119,39,83
8120,39,42
8122,17,10
8124,17,54
8125,17,71
8129,17,32
8135,39,59
8137,39,31
8141,39,4
8143,39,71
8146,17,86
8154,17,42
8157,39,100
8158,17,55
8159,39,20
8161,17,57
8162,39,69
8165,39,82
8167,39,52
8174,39,68
8175,17,76
8176,39,45
8177,39,74
8178,17,51
8179,39,79
8187,39,38
8188,17,85
8194,39,5
8195,39,49
8200,17,39
8202,17,79
8203,39,92
8204,39,58
8205,39,13
8209,39,54
8211,39,91
8212,39,77
8214,17,59
8215,17,73
8217,39,25
8219,17,89
8224,17,22
8228,39,2
8233,17,81
8239,17,13
8244,39,19
8248,39,78
8250,17,36
8251,39,48
8252,17,29
8253,17,97
8257,39,76
8260,39,28
8278,17,92
8284,17,6
8287,17,21
8290,17,63
8296,39,44
8302,17,82
8304,39,66
8310,39,96
8318,17,49
8325,17,74
8329,39,47
8332,17,77
8333,17,65
8336,39,70
8341,39,65
8343,17,37
8344,17,38
8350,17,15
8353,39,61
8357,17,33
8358,17,83
8360,17,7
8362,17,14
8363,17,45
8374,39,41
8380,17,100
8381,17,16
8383,61,100
8386,17,1
8387,39,81
8388,17,26
8395,61,96
8398,17,94
8401,39,10
8403,39,27
8404,17,66
8405,17,62
8406,17,61
8409,39,72
8411,17,48
8414,17,11
8417,17,43
8423,17,52
8426,39,16
8430,17,2
8431,39,39
8432,17,95
8435,61,86
8437,17,53
8440,17,91
8441,17,90
8442,39,56
8451,17,50
8457,17,12
8464,17,3
8465,17,4
8472,61,67
8473,17,70
8474,17,46
8475,39,3
8480,39,15
8482,39,22
8484,39,62
8486,17,99
8487,17,78
8488,17,67
8489,39,73
8490,39,53
8491,39,94
8492,17,5
8493,17,35
8494,17,9
8514,40,32
8515,18,39
8517,40,85
8518,18,21
8521,40,92
8523,62,82
8524,18,37
8529,40,57
8531,18,30
8537,62,99
8545,40,72
8546,40,22
8550,40,41
8551,40,67
8557,40,68
8558,62,10
8563,18,33
8566,18,35
8569,18,89
8577,40,8
8584,62,98
8590,40,23
8593,18,66
8599,18,9
8602,18,41
8603,40,29
8608,62,81
8613,62,100
8615,18,7
8617,40,39
8619,40,37
8620,18,62
8629,40,17
8633,40,61
8639,40,90
8640,62,96
8642,18,45
8653,18,63
8655,18,83
8656,18,48
8660,18,57
8666,40,46
8667,18,96
8675,18,51
8676,40,86
8691,40,77
8693,18,76
8699,40,11
8712,40,34
8716,62,85
8726,40,10
8732,18,78
8733,18,52
8735,18,15
8736,40,65
8740,18,87
8742,18,90
8743,40,28
8746,40,91
8751,18,85
8754,40,4
8757,18,20
8758,18,91
8765,40,36
8767,40,89
8768,62,79
8769,40,45
8770,18,44
8775,62,95
8779,40,31
8781,18,11
8782,18,18
8784,18,53
8786,40,84
8787,18,26
8788,18,32
8789,18,29
8790,40,81
8793,40,59
8801,18,47
8802,18,27
8803,18,59
8804,40,9
8808,18,23
8809,18,98
8815,18,54
8816,40,98
8819,18,1
8821,62,62
8826,18,58
8829,40,25
8834,40,47
8836,40,88
8838,18,69
8841,40,14
8846,18,10
8851,18,61
8852,40,43
8853,40,50
8857,40,56
8858,18,75
8864,18,16
8870,18,84
8871,18,71
8873,18,80
8878,40,55
8879,18,55
8882,40,62
8884,40,100
8887,18,99
8890,18,93
8891,40,35
8897,18,65
8906,18,56
8908,18,68
8911,40,13
8918,18,72
8921,18,6
8922,40,87
8925,18,81
8927,18,49
8928,18,28
8929,40,19
8931,40,95
8934,40,3
8935,40,38
8938,18,79
8940,40,94
8942,18,70
8945,18,31
8947,40,71
8949,40,79
8951,18,77
8959,18,92
8960,18,74
8962,18,60
8963,18,88
8965,18,2
8966,40,70
8969,18,5
8972,18,86
8977,40,51
8982,18,38
8983,40,80
8984,18,82
8989,18,95
8990,18,43
8992,40,58
8993,18,17
8998,18,94
9001,18,100
9002,40,76
9003,62,80
9004,18,40
9008,18,36
9013,40,78
9027,18,67
9032,18,4
9038,40,7
9041,40,99
9044,40,42
9047,18,12
9049,18,25
9052,40,2
9053,18,34
9054,18,73
9058,18,97
9060,40,73
9061,18,64
9062,40,54
9065,18,3
9066,18,24
9067,18,22
9070,40,52
9072,18,46
9073,18,19
9078,18,14
9079,40,53
9082,18,13
9089,18,42
9092,40,33
9093,40,27
9094,40,12
9096,40,63
9100,40,69
9101,40,97
9102,18,50
9103,40,83
9104,40,75
9105,18,8
9108,19,89
9111,19,93
9112,41,86
9119,19,19
9120,63,57
9122,41,82
9128,41,77
9129,63,49
9130,63,71
9141,41,52
9153,41,28
9157,41,100
9160,63,38
9161,41,97
9166,19,25
9167,41,81
9173,19,63
9174,19,81
9175,63,66
9176,41,42
9179,41,80
9180,19,82
9184,19,98
9186,41,58
9187,19,99
9191,41,35
9196,41,43
9197,19,74
9201,19,90
9202,19,20
9206,63,70
9207,41,85
9214,63,48
9217,41,51
9219,41,18
9225,63,77
9226,63,46
9227,19,59
9230,41,30
9231,63,86
9235,41,96
9236,41,8
9242,19,44
9246,63,59
9248,19,56
9250,41,84
9251,63,69
9253,19,73
9256,19,22
9257,19,75
9260,19,42
9261,63,83
9262,19,100
9265,41,75
9272,41,45
9276,19,5
9278,19,17
9281,63,93
9283,63,68
9287,63,40
9289,63,62
9291,19,53
9292,41,1
9294,63,52
9298,19,87
9303,19,88
9307,63,92
9312,19,68
9313,41,95
9318,63,89
9320,63,81
9323,19,60
9324,19,66
9330,63,47
9333,41,10
9334,19,37
9343,41,3
9344,19,67
9347,19,49
9348,19,13
9351,63,76
9354,19,72
9356,41,46
9360,19,28
9362,19,30
9365,41,31
9369,19,40
9375,19,71
9377,41,99
9380,19,58
9384,41,13
9390,19,47
9393,19,23
9395,41,54
9398,19,65
9403,41,87
9404,41,16
9406,19,95
9407,19,70
9415,19,15
9416,41,73
9422,41,56
9430,41,64
9432,19,41
9434,41,63
9440,19,34
9444,41,72
9450,41,53
9452,41,32
9453,19,6
9456,19,84
9459,41,78
9462,19,51
9465,19,97
9467,41,66
9470,41,34
9473,41,37
9475,63,80
9480,41,98
9481,19,14
9484,63,91
9486,19,54
9488,19,61
9492,19,18
9495,41,38
9496,19,39
9498,41,76
9508,19,33
9511,19,80
9513,41,94
9516,41,39
9518,41,61
9523,19,38
9526,19,64
9527,19,35
9529,19,83
9532,41,21
9542,19,26
9546,19,36
9549,19,96
9555,19,52
9563,19,77
9565,19,21
9568,19,50
9571,19,62
9572,41,4
9574,19,76
9578,41,49
9580,19,46
9587,19,86
9590,19,27
9593,41,19
9595,19,45
9596,19,48
9598,19,57
9600,19,79
9601,19,55
9604,19,8
9605,19,7
9607,19,11
9613,19,24
9614,41,74
9618,41,11
9625,19,92
9627,19,91
9636,41,92
9637,41,48
9639,19,85
9641,41,65
9645,19,4
9649,41,20
9650,41,29
9658,19,43
9659,41,62
9660,41,26
9661,41,68
9662,19,1
9664,19,2
9666,19,3
9668,19,10
9669,19,78
9672,19,94
9674,19,31
9675,19,69
9696,41,25
9698,19,16
9699,19,29
9700,41,47
9701,19,32
9702,41,90
9703,41,71
9705,19,9
9706,41,40
9709,41,6
9710,41,22
9711,19,12
9715,41,89
9717,41,41
9719,42,71
9726,20,89
9731,64,51
9732,64,54
9742,42,26
9746,64,71
9747,42,45
9748,64,62
9751,64,63
9752,20,22
9758,42,83
9760,42,74
9761,64,24
9762,20,98
9763,20,95
9766,42,55
9774,20,24
9776,42,5
9777,64,83
9778,42,77
9780,20,88
9785,42,40
9790,20,44
9791,20,93
9792,20,13
9793,42,88
9795,42,82
9802,20,42
9803,64,17
9804,20,62
9805,42,72
9806,20,94
9807,20,18
9808,20,75
9809,20,21
9810,42,3
9811,20,87
9816,20,25
9817,42,98
9820,64,30
9832,64,97
9833,64,15
9836,20,45
9837,20,40
9840,64,61
9841,20,56
9843,20,17
9844,42,62
9847,64,81
9850,42,43
9851,20,84
9852,42,97
9853,42,49
9855,42,13
9862,42,99
9863,64,96
9868,64,39
9869,64,95
9871,42,34
9874,20,12
9875,64,45
9877,64,69
9883,64,60
9884,64,79
9888,64,93
9892,64,41
9894,42,81
9895,64,44
9896,20,47
9897,42,4
9902,20,69
9904,64,68
9905,42,65
9907,64,77
9908,20,57
9909,64,78
9911,64,92
9917,42,20
9927,42,19
9932,20,6
9938,42,16
9939,20,30
9940,42,50
9945,20,66
9950,42,10
9952,42,37
9954,20,81
9956,20,82
9957,42,25
9959,20,86
9960,42,84
9962,64,91
9968,20,34
9971,64,66
9973,20,19
9980,42,44
9981,42,91
9984,42,92
9985,42,60
9986,20,58
9987,42,79
9989,42,57
9992,64,89
9994,20,43
9995,20,31
9996,20,73
9997,42,63
9998,20,64
10000,20,46
10001,64,58
10005,42,54
10006,42,7
10007,42,22
10011,20,65
10013,42,64
10014,20,77
10019,64,88
10023,20,11
10028,20,78
10029,20,53
10032,20,39
10033,42,8
10034,20,50
10037,20,10
10038,20,28
10040,20,36
10042,20,35
10047,42,38
10049,20,96
10053,64,57
10061,20,29
10062,42,68
10063,20,48
10064,64,74
10065,64,43
10066,42,78
10072,20,5
10074,20,79
10075,64,64
10079,20,71
10080,42,67
10083,64,72
10084,20,23
10085,42,61
10086,42,85
10088,20,70
10089,20,16
10090,20,51
10106,42,12
10113,20,90
10116,20,92
10118,20,97
10120,20,20
10124,20,85
10125,20,74
10130,20,100
10133,42,27
10142,42,86
10148,20,91
10149,42,1
10150,42,96
10155,20,15
10160,42,30
10162,42,53
10163,20,32
10166,20,1
10167,42,90
10170,42,66
10175,42,29
10176,42,58
10178,20,37
10180,20,38
10182,42,42
10188,20,72
10190,20,33
10191,64,47
10194,20,67
10196,20,61
10201,42,69
10202,20,80
10203,42,100
10206,42,9
10208,20,3
10209,20,4
10211,42,32
10213,42,52
10215,42,56
10222,20,83
10223,20,27
10224,42,46
10227,20,63
10228,20,59
10234,20,68
10236,20,76
10239,42,31
10242,20,14
10243,20,26
10245,20,9
10246,20,49
10247,42,89
10248,42,87
10255,20,55
10258,20,54
10260,20,2
10263,42,41
10264,20,99
10265,42,76
10266,42,75
10267,20,60
10268,20,41
10269,42,51
10271,42,95
10273,64,55
10276,42,28
10277,20,52
10278,42,2
10280,42,18
10282,42,93
10283,20,7
10284,42,94
10287,43,46
10290,21,80
10295,43,29
10297,43,59
10299,43,24
10300,43,35
10301,21,66
10304,43,50
10305,21,36
10306,43,15
10308,43,98
10310,21,30
10312,43,48
10313,21,97
10315,43,6
10316,21,74
10320,43,3
10321,21,60
10324,43,60
10327,21,75
10328,43,58
10331,43,94
10335,43,5
10342,21,92
10346,43,65
10349,21,54
10351,43,52
10354,21,22
10356,43,88
10362,43,55
10363,21,37
10365,43,13
10369,21,45
10370,21,50
10373,21,10
10376,43,18
10383,43,64
10386,65,15
10387,43,37
10389,21,95
10394,21,5
10396,43,26
10402,43,33
10403,21,23
10408,43,70
10412,43,57
10421,43,54
10424,21,56
10426,21,83
10434,43,87
10437,43,17
10441,21,68
10443,21,91
10448,65,3
10453,43,86
10459,21,41
10465,21,17
10470,43,92
10474,21,72
10475,43,30
10476,21,19
10484,43,82
10485,21,78
10488,21,31
10491,21,32
10500,65,8
10502,43,31
10504,21,47
10507,21,96
10509,43,39
10514,21,94
10515,21,73
10518,21,88
10519,65,12
10520,21,24
10522,65,11
10523,43,14
10524,21,44
10531,21,21
10536,21,7
10538,65,10
10539,21,39
10542,43,45
10544,21,40
10545,21,99
10546,43,10
10563,43,74
10568,21,27
10572,21,58
10576,21,55
10580,21,71
10581,21,51
10589,43,72
10592,21,69
10593,21,34
10595,43,42
10597,43,96
10599,21,57
10601,43,78
10603,21,64
10609,43,84
10610,43,62
10615,21,26
10618,43,19
10628,43,11
10629,21,90
10634,43,7
10636,21,70
10637,43,4
10638,21,86
10639,21,77
10640,43,8
10642,21,85
10644,21,93
10646,21,33
10651,43,27
10653,21,43
10654,43,91
10655,43,67
10659,21,65
10661,43,16
10662,21,49
10664,21,81
10670,43,36
10677,21,12
10679,43,100
10682,21,84
10683,21,62
10687,43,56
10692,21,6
10696,21,59
10700,43,41
10707,21,18
10708,21,61
10709,21,4
10710,43,12
10711,43,69
10715,21,63
10716,43,80
10718,21,13
10720,43,89
10723,43,95
10735,43,20
10739,21,20
10741,43,79
10743,43,68
10745,43,77
10746,21,52
10747,21,67
10749,21,48
10751,21,14
10753,21,82
10755,21,2
10758,43,85
10759,43,99
10760,21,8
10761,21,46
10763,21,98
10767,43,71
10769,21,15
10772,43,76
10776,21,1
10780,21,28
10782,21,76
10784,21,79
10785,21,89
10790,21,3
10791,21,29
10793,43,53
10799,21,11
10800,21,9
10803,21,100
10805,43,32
10807,21,25
10811,21,87
10813,43,66
10815,43,38
10816,21,16
10818,21,42
10819,43,61
10820,21,38
10822,43,22
10823,21,35
10824,21,53
10826,43,1
10828,43,83
10829,44,49
10832,22,46
10833,22,89
10838,22,58
10840,22,72
10847,22,37
10849,22,67
10850,22,38
10856,66,5
10861,22,73
10864,22,53
10866,44,63
10869,22,3
10875,44,81
10880,22,59
10882,22,64
10889,22,30
10891,44,34
10896,44,46
10900,44,17
10904,22,74
10906,44,97
10907,44,78
10910,22,55
10911,22,16
10914,44,60
10921,44,98
10922,44,74
10923,44,38
10927,22,1
10928,44,27
10929,22,45
10931,22,40
10937,22,18
10938,22,25
10941,44,1
10945,22,50
10947,22,94
10948,22,10
10952,44,33
10955,22,75
10957,44,11
10961,22,97
10965,22,8
10972,44,62
10976,22,84
10977,22,23
10983,44,58
10984,44,52
10985,44,6
10987,22,66
10988,22,60
10993,22,22
10997,22,49
11000,22,48
11001,22,79
11004,44,56
11011,22,71
11017,44,61
11019,44,13
11022,66,2
11023,22,76
11024,44,67
11026,22,54
11028,44,85
11029,22,57
11030,44,70
11040,44,31
11041,44,20
11051,44,36
11056,44,93
11062,22,42
11067,44,87
11071,44,42
11077,22,80
11081,44,30
11093,44,41
11095,22,2
11096,66,4
11097,44,91
11098,44,15
11099,22,98
11100,44,5
11105,22,68
11106,44,80
11107,22,21
11112,22,65
11113,22,96
11114,44,18
11123,44,44
11126,44,77
11130,44,39
11135,22,27
11137,22,34
11145,22,77
11146,44,9
11152,44,84
11153,22,19
11154,44,96
11156,22,43
11157,44,22
11158,22,36
11160,44,86
11161,22,91
11169,44,73
11175,44,35
11180,22,88
11181,44,19
11182,22,41
11184,44,12
11191,22,14
11192,22,51
11194,44,48
11195,44,88
11197,44,37
11207,44,92
11208,22,82
11215,22,92
11217,44,83
11221,22,95
11222,44,90
11225,22,85
11231,44,51
11232,44,89
11233,44,21
11237,22,61
11240,22,69
11241,44,16
11243,22,44
11244,22,70
11246,44,25
11248,22,90
11249,22,93
11253,44,40
11254,22,20
11255,22,26
11258,22,56
11263,44,7
11265,44,100
11267,44,69
11268,44,65
11269,22,35
11272,44,95
11273,22,15
11274,44,47
11278,22,12
11280,22,87
11281,22,39
11283,44,3
11288,44,28
11289,44,26
11292,22,81
11293,44,72
11294,44,94
11297,22,33
11298,44,75
11300,22,83
11301,22,13
11305,22,63
11306,22,62
11307,44,14
11308,22,52
11310,44,54
11313,22,9
11315,22,29
11319,22,5
11320,44,29
11321,44,8
11322,44,23
11326,22,11
11327,22,47
11328,22,78
11332,22,6
11333,22,4
11339,44,71
11340,44,10
11342,22,86
11346,22,31
11349,44,66
11350,44,2
11352,22,28
11353,22,32
11355,44,79
11356,44,53
11357,44,4
11358,22,99
11359,22,17
11362,22,24
11363,22,7
