movieid,salesid
3,1
4,2
5,3
6,4
8,5
10,6
11,7
12,8
13,9
14,10
15,11
16,12
17,13
18,14
19,15
20,16
21,17
22,18
23,19
24,20
26,21
27,22
28,23
29,24
30,25
32,26
33,27
35,28
36,29
37,30
38,31
39,32
40,33
41,34
42,35
43,36
44,37
46,38
47,39
48,40
49,41
51,42
52,43
53,44
54,45
56,46
57,47
59,48
60,49
61,50
62,51
63,52
64,53
65,54
67,55
69,56
70,57
71,58
72,59
73,60
74,61
75,62
76,63
78,64
79,65
80,66
81,67
82,68
83,69
84,70
85,71
86,72
88,73
89,74
90,75
91,76
92,77
93,78
94,79
95,80
96,81
97,82
99,83
100,84
101,85
102,86
103,87
106,88
109,89
110,90
111,91
112,92
113,93
114,94
115,95
116,96
117,97
120,98
121,99
122,100
123,101
126,102
128,103
129,104
131,105
132,106
133,107
135,108
137,109
138,110
139,111
141,112
144,113
146,114
147,115
148,116
149,117
150,118
151,119
152,120
153,121
154,122
155,123
157,124
158,125
159,126
160,127
162,128
164,129
165,130
166,131
168,132
169,133
171,134
172,135
174,136
176,137
177,138
178,139
179,140
180,141
181,142
182,143
183,144
184,145
185,146
186,147
187,148
188,149
189,150
190,151
191,152
194,153
195,154
198,155
199,156
200,157
201,158
203,159
204,160
205,161
206,162
207,163
210,164
212,165
215,166
216,167
219,168
220,169
222,170
223,171
224,172
225,173
226,174
227,175
228,176
229,177
230,178
231,179
233,180
234,181
236,182
237,183
238,184
239,185
240,186
241,187
242,188
243,189
244,190
246,191
247,192
248,193
249,194
250,195
251,196
252,197
253,198
254,199
255,200
256,201
257,202
258,203
259,204
261,205
262,206
265,207
266,208
267,209
268,210
269,211
270,212
271,213
272,214
273,215
275,216
276,217
277,218
278,219
279,220
280,221
281,222
282,223
283,224
284,225
286,226
287,227
288,228
289,229
290,230
291,231
292,232
293,233
294,234
295,235
296,236
297,237
298,238
299,239
302,240
303,241
304,242
305,243
306,244
307,245
308,246
309,247
310,248
311,249
312,250
313,251
315,252
316,253
317,254
318,255
319,256
321,257
322,258
325,259
326,260
327,261
328,262
329,263
331,264
332,265
333,266
335,267
337,268
338,269
339,270
340,271
341,272
342,273
343,274
344,275
345,276
346,277
347,278
348,279
349,280
351,281
352,282
353,283
354,284
355,285
356,286
357,287
359,288
360,289
361,290
363,291
364,292
365,293
366,294
368,295
373,296
374,297
375,298
377,299
379,300
380,301
381,302
383,303
384,304
385,305
386,306
387,307
389,308
390,309
391,310
393,311
394,312
395,313
396,314
397,315
398,316
399,317
400,318
401,319
405,320
406,321
407,322
408,323
409,324
410,325
411,326
413,327
415,328
416,329
419,330
420,331
421,332
422,333
424,334
425,335
426,336
427,337
428,338
429,339
432,340
433,341
434,342
435,343
436,344
437,345
438,346
440,347
441,348
443,349
444,350
445,351
447,352
448,353
449,354
450,355
451,356
452,357
453,358
454,359
456,360
457,361
458,362
461,363
462,364
463,365
464,366
465,367
466,368
467,369
470,370
471,371
472,372
473,373
474,374
475,375
476,376
477,377
479,378
480,379
481,380
483,381
484,382
488,383
490,384
492,385
493,386
494,387
496,388
497,389
498,390
500,391
501,392
502,393
503,394
504,395
505,396
507,397
510,398
511,399
512,400
513,401
515,402
516,403
517,404
519,405
522,406
523,407
524,408
526,409
527,410
529,411
532,412
533,413
536,414
537,415
540,416
541,417
542,418
544,419
545,420
546,421
547,422
548,423
549,424
551,425
552,426
553,427
554,428
555,429
556,430
559,431
560,432
562,433
563,434
564,435
566,436
568,437
569,438
570,439
574,440
575,441
576,442
577,443
578,444
579,445
580,446
581,447
582,448
583,449
584,450
585,451
586,452
588,453
589,454
591,455
592,456
593,457
594,458
595,459
596,460
597,461
598,462
599,463
600,464
601,465
603,466
604,467
605,468
606,469
607,470
608,471
609,472
610,473
611,474
612,475
613,476
615,477
616,478
618,479
620,480
623,481
625,482
627,483
629,484
632,485
633,486
634,487
635,488
636,489
637,490
638,491
639,492
641,493
642,494
644,495
647,496
652,497
653,498
654,499
655,500
656,501
657,502
658,503
659,504
660,505
661,506
664,507
665,508
666,509
667,510
670,511
671,512
673,513
674,514
678,515
679,516
680,517
681,518
682,519
683,520
684,521
685,522
686,523
687,524
688,525
689,526
690,527
691,528
694,529
695,530
696,531
697,532
698,533
700,534
701,535
702,536
703,537
704,538
705,539
707,540
708,541
710,542
711,543
712,544
713,545
714,546
715,547
716,548
719,549
720,550
721,551
723,552
726,553
727,554
728,555
729,556
731,557
732,558
733,559
734,560
735,561
736,562
738,563
739,564
741,565
742,566
743,567
744,568
745,569
746,570
747,571
748,572
749,573
751,574
755,575
758,576
759,577
760,578
761,579
763,580
767,581
770,582
771,583
772,584
773,585
776,586
777,587
778,588
779,589
780,590
781,591
785,592
786,593
789,594
790,595
791,596
792,597
793,598
794,599
795,600
796,601
797,602
798,603
799,604
801,605
802,606
803,607
804,608
805,609
806,610
807,611
808,612
809,613
811,614
812,615
813,616
814,617
815,618
816,619
820,620
821,621
822,622
825,623
826,624
827,625
828,626
829,627
831,628
832,629
833,630
834,631
835,632
836,633
842,634
843,635
844,636
845,637
846,638
847,639
849,640
850,641
851,642
852,643
853,644
854,645
855,646
856,647
857,648
860,649
861,650
863,651
864,652
865,653
867,654
868,655
870,656
871,657
872,658
873,659
877,660
878,661
879,662
880,663
881,664
882,665
883,666
886,667
887,668
888,669
889,670
891,671
893,672
895,673
896,674
897,675
898,676
899,677
900,678
901,679
902,680
903,681
904,682
905,683
907,684
909,685
910,686
913,687
914,688
917,689
919,690
921,691
922,692
923,693
924,694
925,695
926,696
928,697
929,698
930,699
931,700
932,701
933,702
935,703
937,704
938,705
940,706
941,707
942,708
943,709
944,710
947,711
948,712
949,713
950,714
954,715
955,716
957,717
959,718
960,719
961,720
962,721
963,722
965,723
966,724
967,725
968,726
969,727
973,728
974,729
975,730
979,731
982,732
983,733
985,734
986,735
987,736
988,737
989,738
991,739
993,740
995,741
996,742
997,743
998,744
999,745
1000,746
1001,747
1002,748
1003,749
1005,750
1006,751
1007,752
1008,753
1011,754
1014,755
1015,756
1016,757
1017,758
1018,759
1021,760
1023,761
1024,762
1025,763
1030,764
1031,765
1032,766
1033,767
1035,768
1036,769
1038,770
1040,771
1041,772
1043,773
1044,774
1045,775
1046,776
1048,777
1049,778
1050,779
1051,780
1052,781
1053,782
1054,783
1055,784
1056,785
1057,786
1058,787
1060,788
1061,789
1062,790
1063,791
1064,792
1066,793
1068,794
1069,795
1070,796
1071,797
1072,798
1073,799
1074,800
1076,801
1077,802
1078,803
1079,804
1082,805
1083,806
1085,807
1086,808
1087,809
1088,810
1089,811
1090,812
1091,813
1092,814
1093,815
1094,816
1095,817
1096,818
1097,819
1098,820
1099,821
1100,822
1102,823
1103,824
1105,825
1106,826
1107,827
1108,828
1109,829
1112,830
1114,831
1115,832
1117,833
1119,834
1120,835
1121,836
1122,837
1123,838
1125,839
1129,840
1130,841
1135,842
1136,843
1137,844
1138,845
1139,846
1140,847
1142,848
1144,849
1146,850
1148,851
1149,852
1150,853
1151,854
1152,855
1154,856
1156,857
1158,858
1159,859
1160,860
1161,861
1162,862
1163,863
1164,864
1165,865
1166,866
1168,867
1169,868
1171,869
1172,870
1173,871
1174,872
1175,873
1176,874
1177,875
1178,876
1179,877
1180,878
1181,879
1182,880
1185,881
1187,882
1189,883
1190,884
1194,885
1195,886
1196,887
1197,888
1198,889
1199,890
1200,891
1201,892
1203,893
1204,894
1205,895
1206,896
1208,897
1209,898
1210,899
1211,900
1213,901
1214,902
1215,903
1216,904
1217,905
1218,906
1219,907
1221,908
1222,909
1224,910
1225,911
1226,912
1227,913
1228,914
1231,915
1232,916
1233,917
1234,918
1235,919
1236,920
1237,921
1238,922
1240,923
1241,924
1242,925
1244,926
1247,927
1250,928
1251,929
1253,930
1254,931
1255,932
1256,933
1257,934
1258,935
1259,936
1260,937
1261,938
1264,939
1265,940
1268,941
1270,942
1271,943
1272,944
1273,945
1274,946
1275,947
1277,948
1278,949
1279,950
1280,951
1281,952
1282,953
1284,954
1289,955
1290,956
1291,957
1292,958
1293,959
1294,960
1295,961
1296,962
1297,963
1298,964
1299,965
1301,966
1302,967
1303,968
1304,969
1305,970
1306,971
1307,972
1308,973
1309,974
1311,975
1312,976
1313,977
1315,978
1316,979
1317,980
1318,981
1319,982
1320,983
1322,984
1324,985
1327,986
1329,987
1331,988
1334,989
1335,990
1336,991
1338,992
1341,993
1342,994
1343,995
1344,996
1345,997
1346,998
1348,999
1349,1000
1351,1001
1352,1002
1353,1003
1355,1004
1356,1005
1357,1006
1360,1007
1362,1008
1363,1009
1366,1010
1368,1011
1369,1012
1370,1013
1371,1014
1372,1015
1373,1016
1377,1017
1379,1018
1381,1019
1382,1020
1383,1021
1384,1022
1385,1023
1386,1024
1387,1025
1388,1026
1389,1027
1391,1028
1392,1029
1394,1030
1396,1031
1397,1032
1398,1033
1399,1034
1400,1035
1403,1036
1404,1037
1405,1038
1406,1039
1408,1040
1410,1041
1411,1042
1412,1043
1414,1044
1415,1045
1416,1046
1417,1047
1418,1048
1419,1049
1421,1050
1422,1051
1424,1052
1426,1053
1428,1054
1429,1055
1430,1056
1431,1057
1432,1058
1433,1059
1434,1060
1435,1061
1436,1062
1437,1063
1438,1064
1439,1065
1441,1066
1442,1067
1443,1068
1444,1069
1445,1070
1447,1071
1448,1072
1449,1073
1450,1074
1451,1075
1453,1076
1454,1077
1455,1078
1456,1079
1458,1080
1459,1081
1460,1082
1462,1083
1463,1084
1464,1085
1465,1086
1467,1087
1468,1088
1471,1089
1472,1090
1475,1091
1476,1092
1477,1093
1478,1094
1480,1095
1481,1096
1482,1097
1483,1098
1484,1099
1485,1100
1486,1101
1487,1102
1489,1103
1490,1104
1491,1105
1492,1106
1493,1107
1494,1108
1496,1109
1497,1110
1498,1111
1500,1112
1501,1113
1502,1114
1503,1115
1504,1116
1505,1117
1506,1118
1508,1119
1509,1120
1510,1121
1512,1122
1513,1123
1515,1124
1516,1125
1518,1126
1519,1127
1520,1128
1521,1129
1522,1130
1523,1131
1524,1132
1526,1133
1527,1134
1529,1135
1531,1136
1532,1137
1533,1138
1534,1139
1535,1140
1536,1141
1540,1142
1541,1143
1542,1144
1545,1145
1548,1146
1550,1147
1551,1148
1552,1149
1554,1150
1555,1151
1556,1152
1557,1153
1559,1154
1561,1155
1562,1156
1563,1157
1564,1158
1565,1159
1566,1160
1568,1161
1569,1162
1571,1163
1572,1164
1573,1165
1574,1166
1575,1167
1578,1168
1580,1169
1581,1170
1582,1171
1583,1172
1584,1173
1585,1174
1587,1175
1589,1176
1591,1177
1592,1178
1593,1179
1594,1180
1595,1181
1598,1182
1600,1183
1602,1184
1603,1185
1605,1186
1606,1187
1607,1188
1609,1189
1610,1190
1611,1191
1614,1192
1615,1193
1617,1194
1618,1195
1619,1196
1620,1197
1621,1198
1622,1199
1625,1200
1626,1201
1628,1202
1630,1203
1631,1204
1633,1205
1634,1206
1636,1207
1639,1208
1640,1209
1641,1210
1642,1211
1643,1212
1646,1213
1647,1214
1648,1215
1651,1216
1652,1217
1654,1218
1655,1219
1656,1220
1657,1221
1660,1222
1661,1223
1662,1224
1663,1225
1664,1226
1665,1227
1668,1228
1669,1229
1670,1230
1671,1231
1673,1232
1674,1233
1675,1234
1677,1235
1678,1236
1680,1237
1681,1238
1683,1239
1684,1240
1690,1241
1691,1242
1692,1243
1694,1244
1696,1245
1697,1246
1698,1247
1699,1248
1700,1249
1701,1250
1703,1251
1704,1252
1706,1253
1707,1254
1708,1255
1710,1256
1712,1257
1713,1258
1715,1259
1718,1260
1719,1261
1720,1262
1722,1263
1723,1264
1724,1265
1725,1266
1726,1267
1727,1268
1729,1269
1730,1270
1731,1271
1732,1272
1734,1273
1735,1274
1736,1275
1737,1276
1738,1277
1739,1278
1741,1279
1742,1280
1743,1281
1745,1282
1746,1283
1747,1284
1749,1285
1750,1286
1751,1287
1752,1288
1753,1289
1754,1290
1756,1291
1760,1292
1761,1293
1762,1294
1763,1295
1764,1296
1765,1297
1766,1298
1768,1299
1769,1300
1770,1301
1771,1302
1772,1303
1773,1304
1774,1305
1777,1306
1778,1307
1779,1308
1780,1309
1781,1310
1782,1311
1783,1312
1784,1313
1785,1314
1786,1315
1787,1316
1789,1317
1790,1318
1791,1319
1794,1320
1796,1321
1798,1322
1799,1323
1800,1324
1801,1325
1802,1326
1803,1327
1804,1328
1806,1329
1807,1330
1808,1331
1809,1332
1810,1333
1811,1334
1812,1335
1813,1336
1814,1337
1816,1338
1817,1339
1818,1340
1819,1341
1820,1342
1821,1343
1822,1344
1824,1345
1825,1346
1826,1347
1830,1348
1832,1349
1833,1350
1834,1351
1835,1352
1837,1353
1838,1354
1839,1355
1841,1356
1842,1357
1843,1358
1844,1359
1845,1360
1846,1361
1847,1362
1849,1363
1850,1364
1851,1365
1854,1366
1856,1367
1857,1368
1859,1369
1862,1370
1863,1371
1865,1372
1867,1373
1868,1374
1869,1375
1870,1376
1871,1377
1872,1378
1873,1379
1874,1380
1875,1381
1876,1382
1878,1383
1879,1384
1880,1385
1881,1386
1882,1387
1883,1388
1884,1389
1885,1390
1887,1391
1888,1392
1889,1393
1890,1394
1891,1395
1892,1396
1893,1397
1896,1398
1897,1399
1898,1400
1899,1401
1901,1402
1903,1403
1904,1404
1905,1405
1907,1406
1908,1407
1909,1408
1910,1409
1911,1410
1912,1411
1914,1412
1918,1413
1919,1414
1922,1415
1923,1416
1924,1417
1926,1418
1927,1419
1928,1420
1929,1421
1930,1422
1932,1423
1933,1424
1934,1425
1935,1426
1937,1427
1938,1428
1939,1429
1940,1430
1942,1431
1943,1432
1945,1433
1946,1434
1948,1435
1949,1436
1950,1437
1951,1438
1952,1439
1954,1440
1955,1441
1956,1442
1959,1443
1960,1444
1961,1445
1963,1446
1964,1447
1966,1448
1970,1449
1971,1450
1972,1451
1973,1452
1974,1453
1975,1454
1976,1455
1977,1456
1978,1457
1981,1458
1982,1459
1983,1460
1985,1461
1986,1462
1987,1463
1988,1464
1989,1465
1991,1466
1992,1467
1993,1468
1994,1469
1995,1470
1997,1471
1999,1472
2000,1473
2001,1474
2004,1475
2005,1476
2008,1477
2010,1478
2012,1479
2013,1480
2016,1481
2017,1482
2019,1483
2022,1484
2023,1485
2024,1486
2025,1487
2027,1488
2028,1489
2029,1490
2030,1491
2031,1492
2032,1493
2035,1494
2036,1495
2037,1496
2038,1497
2040,1498
2042,1499
2043,1500
2044,1501
2045,1502
2046,1503
2047,1504
2048,1505
2049,1506
2050,1507
2052,1508
2053,1509
2054,1510
2056,1511
2058,1512
2059,1513
2060,1514
2061,1515
2062,1516
2063,1517
2064,1518
2066,1519
2068,1520
2069,1521
2070,1522
2074,1523
2077,1524
2078,1525
2080,1526
2082,1527
2084,1528
2085,1529
2086,1530
2087,1531
2088,1532
2092,1533
2093,1534
2095,1535
2096,1536
2098,1537
2099,1538
2100,1539
2101,1540
2102,1541
2103,1542
2104,1543
2105,1544
2106,1545
2107,1546
2108,1547
2110,1548
2111,1549
2112,1550
2114,1551
2115,1552
2116,1553
2119,1554
2120,1555
2121,1556
2123,1557
2125,1558
2126,1559
2127,1560
2128,1561
2131,1562
2132,1563
2134,1564
2135,1565
2136,1566
2137,1567
2138,1568
2142,1569
2143,1570
2144,1571
2145,1572
2146,1573
2147,1574
2148,1575
2149,1576
2151,1577
2154,1578
2155,1579
2158,1580
2159,1581
2161,1582
2163,1583
2164,1584
2166,1585
2168,1586
2169,1587
2172,1588
2173,1589
2174,1590
2175,1591
2180,1592
2181,1593
2182,1594
2183,1595
2186,1596
2188,1597
2189,1598
2190,1599
2191,1600
2192,1601
2193,1602
2195,1603
2198,1604
2201,1605
2203,1606
2204,1607
2205,1608
2207,1609
2208,1610
2209,1611
2213,1612
2214,1613
2217,1614
2218,1615
2219,1616
2222,1617
2225,1618
2226,1619
2227,1620
2228,1621
2229,1622
2230,1623
2235,1624
2236,1625
2237,1626
2238,1627
2239,1628
2241,1629
2247,1630
2249,1631
2250,1632
2252,1633
2253,1634
2254,1635
2255,1636
2256,1637
2258,1638
2259,1639
2260,1640
2261,1641
2265,1642
2268,1643
2269,1644
2272,1645
2273,1646
2276,1647
2278,1648
2279,1649
2280,1650
2282,1651
2285,1652
2286,1653
2288,1654
2289,1655
2291,1656
2292,1657
2293,1658
2294,1659
2297,1660
2298,1661
2303,1662
2305,1663
2306,1664
2308,1665
2309,1666
2310,1667
2312,1668
2313,1669
2317,1670
2319,1671
2320,1672
2321,1673
2322,1674
2323,1675
2324,1676
2326,1677
2328,1678
2329,1679
2330,1680
2331,1681
2332,1682
2334,1683
2335,1684
2337,1685
2338,1686
2339,1687
2340,1688
2344,1689
2345,1690
2346,1691
2347,1692
2348,1693
2349,1694
2350,1695
2351,1696
2353,1697
2354,1698
2356,1699
2358,1700
2359,1701
2360,1702
2361,1703
2362,1704
2364,1705
2365,1706
2366,1707
2367,1708
2370,1709
2371,1710
2373,1711
2374,1712
2377,1713
2380,1714
2381,1715
2382,1716
2383,1717
2384,1718
2385,1719
2387,1720
2388,1721
2390,1722
2391,1723
2392,1724
2394,1725
2395,1726
2397,1727
2399,1728
2401,1729
2402,1730
2404,1731
2406,1732
2407,1733
2408,1734
2409,1735
2410,1736
2412,1737
2414,1738
2418,1739
2421,1740
2422,1741
2423,1742
2424,1743
2425,1744
2427,1745
2428,1746
2429,1747
2430,1748
2431,1749
2432,1750
2433,1751
2434,1752
2435,1753
2437,1754
2438,1755
2439,1756
2440,1757
2442,1758
2443,1759
2444,1760
2445,1761
2446,1762
2447,1763
2449,1764
2450,1765
2451,1766
2452,1767
2453,1768
2455,1769
2456,1770
2457,1771
2460,1772
2461,1773
2462,1774
2463,1775
2465,1776
2468,1777
2469,1778
2470,1779
2471,1780
2472,1781
2473,1782
2475,1783
2476,1784
2477,1785
2479,1786
2480,1787
2481,1788
2482,1789
2483,1790
2485,1791
2488,1792
2489,1793
2490,1794
2491,1795
2494,1796
2495,1797
2496,1798
2497,1799
2498,1800
2499,1801
2500,1802
2501,1803
2504,1804
2505,1805
2506,1806
2508,1807
2509,1808
2510,1809
2511,1810
2512,1811
2514,1812
2515,1813
2516,1814
2517,1815
2518,1816
2520,1817
2523,1818
2525,1819
2526,1820
2527,1821
2528,1822
2530,1823
2532,1824
2533,1825
2534,1826
2535,1827
2536,1828
2537,1829
2538,1830
2539,1831
2540,1832
2541,1833
2543,1834
2545,1835
2547,1836
2550,1837
2551,1838
2552,1839
2554,1840
2557,1841
2558,1842
2559,1843
2560,1844
2561,1845
2563,1846
2566,1847
2568,1848
2570,1849
2571,1850
2572,1851
2573,1852
2574,1853
2576,1854
2577,1855
2579,1856
2581,1857
2582,1858
2584,1859
2586,1860
2588,1861
2589,1862
2591,1863
2593,1864
2594,1865
2597,1866
2599,1867
2600,1868
2603,1869
2604,1870
2605,1871
2606,1872
2607,1873
2608,1874
2609,1875
2610,1876
2612,1877
2614,1878
2615,1879
2616,1880
2617,1881
2618,1882
2620,1883
2621,1884
2622,1885
2623,1886
2625,1887
2628,1888
2629,1889
2630,1890
2631,1891
2632,1892
2634,1893
2635,1894
2638,1895
2639,1896
2640,1897
2643,1898
2644,1899
2645,1900
2647,1901
2648,1902
2649,1903
2650,1904
2651,1905
2652,1906
2653,1907
2654,1908
2655,1909
2656,1910
2658,1911
2659,1912
2660,1913
2661,1914
2664,1915
2667,1916
2670,1917
2671,1918
2672,1919
2674,1920
2675,1921
2678,1922
2679,1923
2680,1924
2681,1925
2686,1926
2687,1927
2688,1928
2689,1929
2691,1930
2692,1931
2693,1932
2694,1933
2695,1934
2696,1935
2698,1936
2700,1937
2701,1938
2703,1939
2704,1940
2705,1941
2709,1942
2710,1943
2711,1944
2712,1945
2714,1946
2715,1947
2716,1948
2717,1949
2718,1950
2719,1951
2720,1952
2721,1953
2722,1954
2723,1955
2725,1956
2726,1957
2727,1958
2728,1959
2729,1960
2730,1961
2732,1962
2736,1963
2737,1964
2738,1965
2739,1966
2740,1967
2742,1968
2744,1969
2745,1970
2746,1971
2747,1972
2750,1973
2756,1974
2757,1975
2759,1976
2760,1977
2761,1978
2762,1979
2763,1980
2764,1981
2765,1982
2766,1983
2767,1984
2768,1985
2769,1986
2770,1987
2771,1988
2772,1989
2773,1990
2774,1991
2775,1992
2776,1993
2777,1994
2778,1995
2779,1996
2780,1997
2781,1998
2782,1999
2783,2000
2784,2001
2785,2002
2786,2003
2788,2004
2789,2005
2790,2006
2792,2007
2793,2008
2794,2009
2795,2010
2796,2011
2797,2012
2799,2013
2800,2014
2801,2015
2804,2016
2805,2017
2806,2018
2808,2019
2809,2020
2810,2021
2812,2022
2814,2023
2815,2024
2816,2025
2817,2026
2818,2027
2819,2028
2820,2029
2821,2030
2823,2031
2825,2032
2826,2033
2827,2034
2828,2035
2829,2036
2830,2037
2831,2038
2833,2039
2834,2040
2835,2041
2837,2042
2840,2043
2841,2044
2842,2045
2843,2046
2844,2047
2845,2048
2846,2049
2848,2050
2850,2051
2851,2052
2853,2053
2854,2054
2855,2055
2856,2056
2858,2057
2859,2058
2860,2059
2861,2060
2862,2061
2864,2062
2865,2063
2866,2064
2867,2065
2869,2066
2870,2067
2873,2068
2875,2069
2876,2070
2878,2071
2879,2072
2880,2073
2882,2074
2883,2075
2884,2076
2886,2077
2887,2078
2888,2079
2889,2080
2890,2081
2891,2082
2894,2083
2895,2084
2896,2085
2898,2086
2899,2087
2900,2088
2901,2089
2902,2090
2903,2091
2904,2092
2907,2093
2909,2094
2910,2095
2911,2096
2912,2097
2913,2098
2914,2099
2915,2100
2917,2101
2919,2102
2920,2103
2921,2104
2923,2105
2924,2106
2925,2107
2926,2108
2929,2109
2931,2110
2932,2111
2933,2112
2934,2113
2935,2114
2936,2115
2938,2116
2939,2117
2941,2118
2943,2119
2945,2120
2947,2121
2949,2122
2950,2123
2952,2124
2953,2125
2954,2126
2956,2127
2957,2128
2958,2129
2960,2130
2961,2131
2962,2132
2963,2133
2965,2134
2967,2135
2969,2136
2970,2137
2972,2138
2973,2139
2974,2140
2975,2141
2976,2142
2977,2143
2978,2144
2979,2145
2981,2146
2982,2147
2983,2148
2984,2149
2985,2150
2986,2151
2987,2152
2989,2153
2990,2154
2991,2155
2992,2156
2993,2157
2994,2158
2995,2159
2997,2160
2998,2161
3000,2162
3001,2163
3003,2164
3004,2165
3005,2166
3007,2167
3008,2168
3009,2169
3010,2170
3012,2171
3016,2172
3017,2173
3018,2174
3020,2175
3021,2176
3022,2177
3024,2178
3026,2179
3027,2180
3028,2181
3031,2182
3032,2183
3033,2184
3035,2185
3036,2186
3038,2187
3039,2188
3040,2189
3041,2190
3042,2191
3043,2192
3044,2193
3047,2194
3048,2195
3049,2196
3051,2197
3053,2198
3054,2199
3057,2200
3059,2201
3061,2202
3062,2203
3066,2204
3067,2205
3068,2206
3069,2207
3071,2208
3072,2209
3073,2210
3074,2211
3076,2212
3077,2213
3078,2214
3079,2215
3082,2216
3083,2217
3084,2218
3086,2219
3087,2220
3088,2221
3089,2222
3091,2223
3092,2224
3093,2225
3094,2226
3096,2227
3097,2228
3100,2229
3102,2230
3103,2231
3107,2232
3108,2233
3109,2234
3110,2235
3111,2236
3113,2237
3115,2238
3116,2239
3118,2240
3120,2241
3124,2242
3125,2243
3126,2244
3127,2245
3129,2246
3130,2247
3131,2248
3132,2249
3133,2250
3134,2251
3135,2252
3136,2253
3138,2254
3139,2255
3140,2256
3142,2257
3143,2258
3144,2259
3145,2260
3146,2261
3147,2262
3149,2263
3150,2264
3151,2265
3153,2266
3155,2267
3156,2268
3157,2269
3158,2270
3160,2271
3161,2272
3164,2273
3165,2274
3166,2275
3168,2276
3169,2277
3171,2278
3172,2279
3173,2280
3175,2281
3176,2282
3177,2283
3179,2284
3180,2285
3181,2286
3182,2287
3183,2288
3185,2289
3186,2290
3188,2291
3189,2292
3190,2293
3191,2294
3192,2295
3193,2296
3194,2297
3195,2298
3196,2299
3198,2300
3199,2301
3200,2302
3202,2303
3204,2304
3205,2305
3206,2306
3208,2307
3209,2308
3211,2309
3212,2310
3213,2311
3215,2312
3216,2313
3217,2314
3218,2315
3219,2316
3220,2317
3221,2318
3222,2319
3223,2320
3224,2321
3225,2322
3226,2323
3228,2324
3229,2325
3230,2326
3231,2327
3233,2328
3234,2329
3235,2330
3236,2331
3238,2332
3240,2333
3242,2334
3243,2335
3244,2336
3245,2337
3246,2338
3248,2339
3249,2340
3250,2341
3251,2342
3252,2343
3254,2344
3255,2345
3257,2346
3259,2347
3260,2348
3261,2349
3262,2350
3263,2351
3264,2352
3265,2353
3266,2354
3267,2355
3268,2356
3269,2357
3270,2358
3271,2359
3272,2360
3273,2361
3274,2362
3275,2363
3276,2364
3277,2365
3278,2366
3280,2367
3282,2368
3284,2369
3285,2370
3286,2371
3287,2372
3289,2373
3290,2374
3291,2375
3293,2376
3295,2377
3296,2378
3298,2379
3299,2380
3300,2381
3301,2382
3305,2383
3307,2384
3309,2385
3312,2386
3313,2387
3314,2388
3315,2389
3316,2390
3317,2391
3318,2392
3320,2393
3321,2394
3322,2395
3323,2396
3324,2397
3325,2398
3326,2399
3327,2400
3328,2401
3329,2402
3331,2403
3332,2404
3333,2405
3334,2406
3335,2407
3336,2408
3337,2409
3338,2410
3339,2411
3340,2412
3341,2413
3342,2414
3343,2415
3344,2416
3345,2417
3346,2418
3348,2419
3352,2420
3353,2421
3354,2422
3356,2423
3357,2424
3358,2425
3359,2426
3362,2427
3363,2428
3364,2429
3366,2430
3367,2431
3368,2432
3370,2433
3372,2434
3373,2435
3374,2436
3375,2437
3376,2438
3379,2439
3380,2440
3381,2441
3382,2442
3383,2443
3384,2444
3385,2445
3386,2446
3388,2447
3391,2448
3393,2449
3395,2450
3397,2451
3398,2452
3399,2453
3400,2454
3402,2455
3403,2456
3404,2457
3405,2458
3406,2459
3407,2460
3408,2461
3410,2462
3412,2463
3415,2464
3416,2465
3418,2466
3419,2467
3420,2468
3421,2469
3422,2470
3424,2471
3425,2472
3427,2473
3428,2474
3429,2475
3430,2476
3431,2477
3432,2478
3433,2479
3435,2480
3436,2481
3437,2482
3438,2483
3439,2484
3440,2485
3442,2486
3443,2487
3444,2488
3445,2489
3446,2490
3447,2491
3448,2492
3449,2493
3451,2494
3452,2495
3453,2496
3454,2497
3455,2498
3456,2499
3458,2500
3459,2501
3461,2502
3462,2503
3463,2504
3465,2505
3466,2506
3468,2507
3469,2508
3470,2509
3471,2510
3472,2511
3473,2512
3474,2513
3475,2514
3477,2515
3478,2516
3479,2517
3480,2518
3481,2519
3482,2520
3483,2521
3484,2522
3485,2523
3486,2524
3487,2525
3488,2526
3489,2527
3490,2528
3491,2529
3492,2530
3495,2531
3496,2532
3497,2533
3498,2534
3499,2535
3500,2536
3501,2537
3502,2538
3503,2539
3505,2540
3506,2541
3508,2542
3509,2543
3510,2544
3511,2545
3512,2546
3513,2547
3514,2548
3515,2549
3516,2550
3517,2551
3518,2552
3519,2553
3520,2554
3521,2555
3522,2556
3523,2557
3524,2558
3525,2559
3526,2560
3528,2561
3529,2562
3530,2563
3531,2564
3533,2565
3535,2566
3536,2567
3537,2568
3538,2569
3539,2570
3541,2571
3542,2572
3543,2573
3544,2574
3545,2575
3546,2576
3547,2577
3548,2578
3549,2579
3550,2580
3551,2581
3552,2582
3553,2583
3556,2584
3557,2585
3558,2586
3559,2587
3561,2588
3562,2589
3563,2590
3564,2591
3565,2592
3567,2593
3568,2594
3569,2595
3571,2596
3572,2597
3574,2598
3575,2599
3576,2600
3578,2601
3579,2602
3580,2603
3581,2604
3582,2605
3583,2606
3584,2607
3587,2608
3588,2609
3590,2610
3592,2611
3593,2612
3594,2613
3595,2614
3596,2615
3599,2616
3600,2617
3601,2618
3602,2619
3605,2620
3611,2621
3612,2622
3613,2623
3615,2624
3616,2625
3618,2626
3619,2627
3622,2628
3623,2629
3624,2630
3625,2631
3626,2632
3628,2633
3629,2634
3630,2635
3631,2636
3632,2637
3635,2638
3636,2639
3637,2640
3638,2641
3639,2642
3640,2643
3641,2644
3642,2645
3645,2646
3649,2647
3650,2648
3652,2649
3653,2650
3654,2651
3656,2652
3657,2653
3658,2654
3659,2655
3660,2656
3661,2657
3662,2658
3664,2659
3665,2660
3666,2661
3667,2662
3670,2663
3671,2664
3672,2665
3673,2666
3675,2667
3677,2668
3678,2669
3679,2670
3680,2671
3681,2672
3682,2673
3685,2674
3687,2675
3688,2676
3689,2677
3690,2678
3691,2679
3692,2680
3694,2681
3695,2682
3696,2683
3697,2684
3698,2685
3699,2686
3700,2687
3701,2688
3705,2689
3706,2690
3707,2691
3708,2692
3710,2693
3711,2694
3712,2695
3713,2696
3714,2697
3715,2698
3716,2699
3717,2700
3718,2701
3721,2702
3722,2703
3723,2704
3725,2705
3726,2706
3728,2707
3729,2708
3730,2709
3731,2710
3733,2711
3736,2712
3738,2713
3739,2714
3741,2715
3743,2716
3744,2717
3746,2718
3747,2719
3748,2720
3749,2721
3750,2722
3752,2723
3753,2724
3756,2725
3757,2726
3759,2727
3762,2728
3763,2729
3764,2730
3765,2731
3766,2732
3767,2733
3768,2734
3769,2735
3771,2736
3772,2737
3775,2738
3777,2739
3778,2740
3779,2741
3780,2742
3781,2743
3783,2744
3784,2745
3785,2746
3786,2747
3787,2748
3789,2749
3791,2750
3792,2751
3793,2752
3794,2753
3795,2754
3796,2755
3797,2756
3798,2757
3803,2758
3804,2759
3805,2760
3806,2761
3807,2762
3808,2763
3809,2764
3810,2765
3811,2766
3812,2767
3814,2768
3815,2769
3818,2770
3819,2771
3820,2772
3821,2773
3822,2774
3823,2775
3824,2776
3825,2777
3826,2778
3827,2779
3828,2780
3829,2781
3830,2782
3831,2783
3832,2784
3833,2785
3834,2786
3835,2787
3837,2788
3839,2789
3840,2790
3842,2791
3843,2792
3844,2793
3845,2794
3846,2795
3847,2796
3848,2797
3849,2798
3850,2799
3851,2800
3852,2801
3853,2802
3854,2803
3856,2804
3857,2805
3858,2806
3860,2807
3861,2808
3862,2809
3863,2810
3864,2811
3865,2812
3866,2813
3868,2814
3869,2815
3870,2816
3871,2817
3872,2818
3873,2819
3874,2820
3875,2821
3876,2822
3878,2823
3879,2824
3880,2825
3881,2826
3882,2827
3883,2828
3884,2829
3885,2830
3886,2831
3887,2832
3888,2833
3889,2834
3890,2835
3891,2836
3892,2837
3893,2838
3894,2839
3896,2840
3897,2841
3898,2842
3899,2843
3900,2844
3901,2845
3902,2846
3903,2847
3904,2848
3905,2849
3906,2850
3907,2851
3909,2852
3910,2853
3911,2854
3912,2855
3913,2856
3914,2857
3915,2858
3916,2859
3917,2860
3918,2861
3919,2862
3922,2863
3923,2864
3925,2865
3927,2866
3928,2867
3929,2868
3930,2869
3931,2870
3933,2871
3935,2872
3936,2873
3937,2874
3938,2875
3939,2876
3940,2877
3941,2878
3942,2879
3943,2880
3944,2881
3946,2882
3948,2883
3949,2884
3952,2885
3953,2886
3955,2887
3956,2888
3957,2889
3958,2890
3960,2891
3961,2892
3962,2893
3963,2894
3964,2895
3965,2896
3966,2897
3967,2898
3968,2899
3969,2900
3970,2901
3971,2902
3974,2903
3975,2904
3976,2905
3977,2906
3978,2907
3979,2908
3981,2909
3982,2910
3984,2911
3986,2912
3988,2913
3989,2914
3992,2915
3993,2916
3994,2917
3995,2918
3996,2919
3997,2920
3998,2921
3999,2922
4001,2923
4003,2924
4005,2925
4006,2926
4007,2927
4009,2928
4010,2929
4011,2930
4012,2931
4013,2932
4014,2933
4015,2934
4016,2935
4017,2936
4020,2937
4023,2938
4024,2939
4025,2940
4026,2941
4027,2942
4028,2943
4029,2944
4030,2945
4031,2946
4033,2947
4034,2948
4035,2949
4036,2950
4039,2951
4040,2952
4041,2953
4042,2954
4043,2955
4044,2956
4046,2957
4048,2958
4049,2959
4050,2960
4051,2961
4052,2962
4053,2963
4054,2964
4055,2965
4056,2966
4057,2967
4058,2968
4059,2969
4060,2970
4061,2971
4062,2972
4063,2973
4064,2974
4065,2975
4066,2976
4067,2977
4068,2978
4069,2979
4070,2980
4071,2981
4072,2982
4077,2983
4078,2984
4079,2985
4080,2986
4081,2987
4082,2988
4084,2989
4086,2990
4087,2991
4089,2992
4090,2993
4092,2994
4093,2995
4094,2996
4095,2997
4096,2998
4098,2999
4099,3000
4100,3001
4101,3002
4102,3003
4103,3004
4104,3005
4105,3006
4106,3007
4107,3008
4108,3009
4109,3010
4110,3011
4111,3012
4112,3013
4113,3014
4114,3015
4115,3016
4116,3017
4117,3018
4118,3019
4119,3020
4120,3021
4121,3022
4122,3023
4123,3024
4124,3025
4125,3026
4126,3027
4128,3028
4129,3029
4131,3030
4133,3031
4134,3032
4135,3033
4136,3034
4137,3035
4138,3036
4139,3037
4140,3038
4143,3039
4144,3040
4145,3041
4146,3042
4147,3043
4148,3044
4149,3045
4150,3046
4151,3047
4152,3048
4154,3049
4155,3050
4156,3051
4157,3052
4158,3053
4159,3054
4160,3055
4166,3056
4167,3057
4168,3058
4169,3059
4170,3060
4171,3061
4175,3062
4176,3063
4177,3064
4178,3065
4179,3066
4181,3067
4183,3068
4185,3069
4186,3070
4187,3071
4188,3072
4189,3073
4190,3074
4191,3075
4194,3076
4195,3077
4196,3078
4197,3079
4198,3080
4199,3081
4200,3082
4201,3083
4203,3084
4205,3085
4208,3086
4209,3087
4210,3088
4211,3089
4212,3090
4214,3091
4215,3092
4216,3093
4217,3094
4218,3095
4219,3096
4220,3097
4221,3098
4222,3099
4224,3100
4225,3101
4226,3102
4228,3103
4230,3104
4232,3105
4233,3106
4234,3107
4235,3108
4237,3109
4238,3110
4239,3111
4241,3112
4242,3113
4243,3114
4244,3115
4246,3116
4248,3117
4250,3118
4251,3119
4252,3120
4254,3121
4256,3122
4257,3123
4258,3124
4259,3125
4260,3126
4261,3127
4262,3128
4264,3129
4267,3130
4268,3131
4269,3132
4271,3133
4273,3134
4275,3135
4276,3136
4278,3137
4279,3138
4281,3139
4282,3140
4283,3141
4284,3142
4285,3143
4286,3144
4287,3145
4289,3146
4290,3147
4291,3148
4292,3149
4293,3150
4295,3151
4296,3152
4298,3153
4299,3154
4300,3155
4301,3156
4302,3157
4303,3158
4304,3159
4306,3160
4307,3161
4308,3162
4309,3163
4310,3164
4311,3165
4312,3166
4313,3167
4314,3168
4315,3169
4317,3170
4318,3171
4319,3172
4321,3173
4322,3174
4324,3175
4325,3176
4326,3177
4327,3178
4328,3179
4330,3180
4331,3181
4333,3182
4334,3183
4335,3184
4337,3185
4339,3186
4341,3187
4342,3188
4343,3189
4344,3190
4345,3191
4346,3192
4347,3193
4348,3194
4349,3195
4352,3196
4353,3197
4354,3198
4355,3199
4356,3200
4358,3201
4359,3202
4360,3203
4362,3204
4363,3205
4365,3206
4366,3207
4367,3208
4368,3209
4369,3210
4370,3211
4371,3212
4372,3213
4373,3214
4376,3215
4377,3216
4379,3217
4381,3218
4382,3219
4383,3220
4384,3221
4385,3222
4386,3223
4388,3224
4389,3225
4390,3226
4391,3227
4392,3228
4393,3229
4394,3230
4395,3231
4396,3232
4397,3233
4400,3234
4402,3235
4404,3236
4406,3237
4407,3238
4408,3239
4409,3240
4410,3241
4411,3242
4412,3243
4413,3244
4414,3245
4415,3246
4416,3247
4417,3248
4418,3249
4419,3250
4422,3251
4423,3252
4424,3253
4425,3254
4426,3255
4427,3256
4428,3257
4429,3258
4431,3259
4433,3260
4436,3261
4437,3262
4438,3263
4439,3264
4440,3265
4441,3266
4442,3267
4443,3268
4444,3269
4445,3270
4446,3271
4447,3272
4449,3273
4451,3274
4452,3275
4453,3276
4454,3277
4455,3278
4457,3279
4458,3280
4459,3281
4460,3282
4461,3283
4463,3284
4464,3285
4466,3286
4467,3287
4468,3288
4470,3289
4471,3290
4472,3291
4475,3292
4476,3293
4478,3294
4479,3295
4481,3296
4482,3297
4484,3298
4485,3299
4486,3300
4487,3301
4488,3302
4489,3303
4491,3304
4492,3305
4493,3306
4494,3307
4495,3308
4496,3309
4498,3310
4499,3311
4500,3312
4504,3313
4505,3314
4507,3315
4510,3316
4511,3317
4512,3318
4513,3319
4514,3320
4516,3321
4517,3322
4518,3323
4519,3324
4521,3325
4522,3326
4523,3327
4524,3328
4525,3329
4526,3330
4528,3331
4531,3332
4532,3333
4533,3334
4534,3335
4535,3336
4536,3337
4537,3338
4538,3339
4539,3340
4540,3341
4541,3342
4542,3343
4544,3344
4545,3345
4546,3346
4547,3347
4550,3348
4551,3349
4552,3350
4553,3351
4554,3352
4555,3353
4556,3354
4557,3355
4558,3356
4559,3357
4560,3358
4561,3359
4563,3360
4564,3361
4565,3362
4567,3363
4568,3364
4570,3365
4572,3366
4577,3367
4578,3368
4579,3369
4580,3370
4582,3371
4583,3372
4585,3373
4586,3374
4589,3375
4591,3376
4592,3377
4593,3378
4594,3379
4595,3380
4596,3381
4597,3382
4599,3383
4601,3384
4602,3385
4603,3386
4605,3387
4607,3388
4608,3389
4609,3390
4611,3391
4613,3392
4614,3393
4615,3394
4616,3395
4617,3396
4619,3397
4620,3398
4621,3399
4622,3400
4624,3401
4625,3402
4626,3403
4627,3404
4628,3405
4630,3406
4631,3407
4632,3408
4633,3409
4634,3410
4635,3411
4636,3412
4637,3413
4638,3414
4639,3415
4641,3416
4643,3417
4644,3418
4648,3419
4649,3420
4650,3421
4651,3422
4655,3423
4656,3424
4657,3425
4658,3426
4659,3427
4660,3428
4663,3429
4667,3430
4668,3431
4669,3432
4670,3433
4671,3434
4672,3435
4675,3436
4677,3437
4678,3438
4679,3439
4682,3440
4683,3441
4685,3442
4686,3443
4688,3444
4689,3445
4690,3446
4694,3447
4695,3448
4696,3449
4697,3450
4698,3451
4699,3452
4702,3453
4703,3454
4704,3455
4705,3456
4706,3457
4707,3458
4709,3459
4710,3460
4711,3461
4712,3462
4713,3463
4714,3464
4715,3465
4716,3466
4717,3467
4718,3468
4719,3469
4720,3470
4721,3471
4722,3472
4725,3473
4726,3474
4727,3475
4728,3476
4729,3477
4732,3478
4733,3479
4734,3480
4736,3481
4737,3482
4738,3483
4739,3484
4740,3485
4741,3486
4742,3487
4743,3488
4744,3489
4745,3490
4746,3491
4747,3492
4749,3493
4750,3494
4751,3495
4752,3496
4753,3497
4757,3498
4758,3499
4759,3500
4760,3501
4761,3502
4762,3503
4763,3504
4766,3505
4767,3506
4768,3507
4769,3508
4771,3509
4772,3510
4773,3511
4774,3512
4776,3513
4777,3514
4778,3515
4780,3516
4781,3517
4782,3518
4784,3519
4785,3520
4786,3521
4787,3522
4789,3523
4790,3524
4791,3525
4792,3526
4793,3527
4794,3528
4795,3529
4796,3530
4797,3531
4798,3532
4799,3533
4800,3534
4801,3535
4802,3536
4803,3537
4807,3538
4808,3539
4809,3540
4812,3541
4813,3542
4814,3543
4815,3544
4817,3545
4818,3546
4819,3547
4820,3548
4821,3549
4824,3550
4826,3551
4828,3552
4829,3553
4830,3554
4832,3555
4833,3556
4834,3557
4835,3558
4837,3559
4839,3560
4844,3561
4845,3562
4847,3563
4848,3564
4849,3565
4850,3566
4852,3567
4853,3568
4855,3569
4856,3570
4858,3571
4860,3572
4862,3573
4864,3574
4865,3575
4867,3576
4869,3577
4870,3578
4871,3579
4872,3580
4873,3581
4874,3582
4876,3583
4877,3584
4879,3585
4881,3586
4883,3587
4885,3588
4886,3589
4887,3590
4888,3591
4890,3592
4892,3593
4893,3594
4894,3595
4895,3596
4896,3597
4899,3598
4902,3599
4903,3600
4904,3601
4906,3602
4907,3603
4908,3604
4909,3605
4911,3606
4912,3607
4913,3608
4915,3609
4916,3610
4918,3611
4919,3612
4920,3613
4921,3614
4922,3615
4923,3616
4924,3617
4925,3618
4927,3619
4928,3620
4929,3621
4931,3622
4932,3623
4933,3624
4934,3625
4936,3626
4940,3627
4941,3628
4942,3629
4943,3630
4944,3631
4946,3632
4947,3633
4948,3634
4950,3635
4952,3636
4953,3637
4954,3638
4955,3639
4956,3640
4957,3641
4958,3642
4959,3643
4960,3644
4962,3645
4963,3646
4964,3647
4965,3648
4966,3649
4967,3650
4970,3651
4972,3652
4974,3653
4975,3654
4976,3655
4977,3656
4978,3657
4979,3658
4980,3659
4982,3660
4984,3661
4985,3662
4989,3663
4990,3664
4991,3665
4992,3666
4993,3667
4994,3668
4996,3669
4997,3670
4998,3671
4999,3672
5000,3673
5003,3674
5004,3675
5005,3676
5007,3677
5009,3678
5010,3679
5011,3680
5012,3681
5013,3682
5014,3683
5015,3684
5016,3685
5017,3686
5018,3687
5019,3688
5021,3689
5022,3690
5023,3691
5024,3692
5026,3693
5028,3694
5029,3695
5030,3696
5031,3697
5032,3698
5036,3699
5037,3700
5038,3701
5041,3702
5042,3703
5044,3704
5047,3705
5049,3706
5050,3707
5051,3708
5052,3709
5053,3710
5054,3711
5055,3712
5056,3713
5057,3714
5058,3715
5059,3716
5060,3717
5062,3718
5063,3719
5064,3720
5066,3721
5068,3722
5069,3723
5070,3724
5074,3725
5078,3726
5079,3727
5080,3728
5081,3729
5082,3730
5084,3731
5086,3732
5088,3733
5089,3734
5091,3735
5092,3736
5093,3737
5094,3738
5095,3739
5096,3740
5097,3741
5098,3742
5100,3743
5101,3744
5102,3745
5103,3746
5104,3747
5105,3748
5106,3749
5107,3750
5108,3751
5109,3752
5111,3753
5112,3754
5113,3755
5114,3756
5116,3757
5117,3758
5118,3759
5119,3760
5120,3761
5121,3762
5122,3763
5127,3764
5128,3765
5130,3766
5131,3767
5133,3768
5135,3769
5136,3770
5137,3771
5138,3772
5139,3773
5140,3774
5141,3775
5142,3776
5143,3777
5145,3778
5146,3779
5147,3780
5149,3781
5150,3782
5152,3783
5153,3784
5154,3785
5155,3786
5156,3787
5157,3788
5158,3789
5159,3790
5160,3791
5161,3792
5162,3793
5163,3794
5165,3795
5166,3796
5167,3797
5169,3798
5170,3799
5171,3800
5172,3801
5173,3802
5174,3803
5175,3804
5177,3805
5180,3806
5182,3807
5183,3808
5184,3809
5188,3810
5189,3811
5190,3812
5192,3813
5194,3814
5195,3815
5197,3816
5198,3817
5199,3818
5200,3819
5201,3820
5204,3821
5205,3822
5206,3823
5207,3824
5208,3825
5209,3826
5211,3827
5212,3828
5214,3829
5215,3830
5217,3831
5218,3832
5219,3833
5220,3834
5221,3835
5222,3836
5223,3837
5224,3838
5225,3839
5226,3840
5227,3841
5228,3842
5229,3843
5230,3844
5231,3845
5232,3846
5233,3847
5234,3848
5235,3849
5236,3850
5237,3851
5238,3852
5240,3853
5241,3854
5243,3855
5245,3856
5247,3857
5248,3858
5249,3859
5250,3860
5252,3861
5253,3862
5254,3863
5256,3864
5258,3865
5259,3866
5260,3867
5263,3868
5264,3869
5266,3870
5267,3871
5269,3872
5270,3873
5271,3874
5272,3875
5273,3876
5274,3877
5275,3878
5276,3879
5277,3880
5278,3881
5279,3882
5280,3883
5281,3884
5282,3885
5283,3886
5284,3887
5285,3888
5286,3889
5288,3890
5290,3891
5291,3892
5292,3893
5293,3894
5294,3895
5295,3896
5296,3897
5297,3898
5298,3899
5302,3900
5303,3901
5304,3902
5306,3903
5307,3904
5308,3905
5310,3906
5313,3907
5314,3908
5315,3909
5316,3910
5317,3911
5319,3912
5321,3913
5322,3914
5323,3915
5327,3916
5329,3917
5330,3918
5331,3919
5333,3920
5334,3921
5335,3922
5336,3923
5337,3924
5338,3925
5339,3926
5343,3927
5344,3928
5345,3929
5347,3930
5349,3931
5350,3932
5353,3933
5354,3934
5356,3935
5358,3936
5361,3937
5362,3938
5363,3939
5364,3940
5365,3941
5367,3942
5368,3943
5369,3944
5370,3945
5373,3946
5374,3947
5375,3948
5376,3949
5377,3950
5378,3951
5379,3952
5381,3953
5383,3954
5385,3955
5386,3956
5388,3957
5389,3958
5390,3959
5391,3960
5392,3961
5394,3962
5395,3963
5398,3964
5399,3965
5400,3966
5401,3967
5403,3968
5404,3969
5406,3970
5407,3971
5408,3972
5409,3973
5413,3974
5414,3975
5415,3976
5416,3977
5417,3978
5418,3979
5420,3980
5422,3981
5423,3982
5424,3983
5425,3984
5426,3985
5427,3986
5429,3987
5430,3988
5432,3989
5433,3990
5434,3991
5436,3992
5437,3993
5438,3994
5439,3995
5441,3996
5442,3997
5443,3998
5444,3999
5448,4000
5449,4001
5450,4002
5454,4003
5456,4004
5460,4005
5461,4006
5462,4007
5465,4008
5466,4009
5467,4010
5468,4011
5469,4012
5470,4013
5471,4014
5472,4015
5473,4016
5475,4017
5476,4018
5478,4019
5481,4020
5482,4021
5483,4022
5484,4023
5486,4024
5487,4025
5488,4026
5489,4027
5490,4028
5491,4029
5492,4030
5493,4031
5496,4032
5497,4033
5499,4034
5500,4035
5502,4036
5504,4037
5505,4038
5506,4039
5507,4040
5508,4041
5509,4042
5510,4043
5512,4044
5514,4045
5515,4046
5517,4047
5518,4048
5519,4049
5520,4050
5521,4051
5523,4052
5525,4053
5526,4054
5527,4055
5528,4056
5529,4057
5530,4058
5531,4059
5533,4060
5534,4061
5536,4062
5538,4063
5539,4064
5540,4065
5544,4066
5545,4067
5546,4068
5547,4069
5548,4070
5549,4071
5551,4072
5552,4073
5553,4074
5554,4075
5555,4076
5556,4077
5557,4078
5559,4079
5560,4080
5561,4081
5562,4082
5563,4083
5564,4084
5565,4085
5566,4086
5568,4087
5569,4088
5570,4089
5571,4090
5575,4091
5577,4092
5578,4093
5579,4094
5580,4095
5582,4096
5583,4097
5584,4098
5585,4099
5586,4100
5587,4101
5588,4102
5589,4103
5590,4104
5591,4105
5592,4106
5593,4107
5594,4108
5595,4109
5596,4110
5597,4111
5598,4112
5599,4113
5600,4114
5602,4115
5603,4116
5607,4117
5609,4118
5610,4119
5612,4120
5613,4121
5614,4122
5615,4123
5616,4124
5617,4125
5619,4126
5621,4127
5622,4128
5623,4129
5624,4130
5626,4131
5627,4132
5628,4133
5629,4134
5632,4135
5636,4136
5637,4137
5638,4138
5640,4139
5641,4140
5643,4141
5644,4142
5646,4143
5647,4144
5651,4145
5652,4146
5653,4147
5654,4148
5655,4149
5656,4150
5658,4151
5659,4152
5660,4153
5661,4154
5662,4155
5663,4156
5664,4157
5665,4158
5666,4159
5670,4160
5672,4161
5673,4162
5674,4163
5675,4164
5676,4165
5677,4166
5678,4167
5679,4168
5681,4169
5682,4170
5685,4171
5686,4172
5687,4173
5688,4174
5690,4175
5692,4176
5693,4177
5694,4178
5696,4179
5697,4180
5698,4181
5699,4182
5700,4183
5701,4184
5703,4185
5704,4186
5706,4187
5707,4188
5709,4189
5711,4190
5712,4191
5713,4192
5714,4193
5717,4194
5718,4195
5719,4196
5720,4197
5722,4198
5723,4199
5724,4200
5725,4201
5726,4202
5727,4203
5729,4204
5732,4205
5733,4206
5735,4207
5737,4208
5738,4209
5739,4210
5740,4211
5745,4212
5747,4213
5748,4214
5749,4215
5750,4216
5751,4217
5753,4218
5754,4219
5755,4220
5756,4221
5757,4222
5758,4223
5760,4224
5763,4225
5764,4226
5765,4227
5766,4228
5767,4229
5769,4230
5771,4231
5772,4232
5773,4233
5774,4234
5775,4235
5777,4236
5778,4237
5779,4238
5781,4239
5783,4240
5786,4241
5787,4242
5788,4243
5789,4244
5790,4245
5791,4246
5792,4247
5796,4248
5797,4249
5798,4250
5799,4251
5800,4252
5801,4253
5802,4254
5803,4255
5804,4256
5805,4257
5809,4258
5810,4259
5811,4260
5812,4261
5813,4262
5814,4263
5815,4264
5816,4265
5819,4266
5820,4267
5823,4268
5825,4269
5826,4270
5827,4271
5829,4272
5830,4273
5831,4274
5833,4275
5835,4276
5836,4277
5837,4278
5840,4279
5841,4280
5843,4281
5844,4282
5845,4283
5846,4284
5847,4285
5848,4286
5849,4287
5850,4288
5851,4289
5853,4290
5855,4291
5856,4292
5858,4293
5859,4294
5860,4295
5861,4296
5864,4297
5865,4298
5866,4299
5868,4300
5869,4301
5870,4302
5871,4303
5872,4304
5873,4305
5874,4306
5876,4307
5877,4308
5879,4309
5881,4310
5882,4311
5883,4312
5884,4313
5885,4314
5886,4315
5888,4316
5889,4317
5892,4318
5893,4319
5894,4320
5896,4321
5897,4322
5898,4323
5899,4324
5900,4325
5902,4326
5903,4327
5904,4328
5905,4329
5907,4330
5910,4331
5911,4332
5912,4333
5914,4334
5915,4335
5916,4336
5917,4337
5918,4338
5919,4339
5920,4340
5921,4341
5922,4342
5923,4343
5925,4344
5926,4345
5927,4346
5928,4347
5929,4348
5930,4349
5931,4350
5934,4351
5935,4352
5936,4353
5937,4354
5938,4355
5940,4356
5941,4357
5942,4358
5943,4359
5944,4360
5945,4361
5947,4362
5949,4363
5950,4364
5951,4365
5952,4366
5954,4367
5955,4368
5957,4369
5958,4370
5960,4371
5961,4372
5962,4373
5965,4374
5968,4375
5970,4376
5972,4377
5973,4378
5975,4379
5979,4380
5980,4381
5982,4382
5983,4383
5987,4384
5988,4385
5989,4386
5990,4387
5991,4388
5992,4389
5994,4390
5996,4391
5999,4392
6000,4393
6001,4394
6004,4395
6005,4396
6006,4397
6009,4398
6010,4399
6012,4400
6015,4401
6016,4402
6017,4403
6018,4404
6019,4405
6020,4406
6021,4407
6022,4408
6023,4409
6024,4410
6025,4411
6026,4412
6027,4413
6029,4414
6030,4415
6032,4416
6033,4417
6036,4418
6037,4419
6039,4420
6040,4421
6042,4422
6043,4423
6044,4424
6045,4425
6046,4426
6047,4427
6051,4428
6054,4429
6055,4430
6057,4431
6058,4432
6059,4433
6060,4434
6062,4435
6063,4436
6064,4437
6065,4438
6067,4439
6069,4440
6070,4441
6073,4442
6074,4443
6076,4444
6078,4445
6080,4446
6082,4447
6083,4448
6087,4449
6088,4450
6093,4451
6094,4452
6096,4453
6097,4454
6098,4455
6099,4456
6100,4457
6101,4458
6102,4459
6104,4460
6105,4461
6106,4462
6107,4463
6108,4464
6109,4465
6113,4466
6114,4467
6117,4468
6118,4469
6119,4470
6121,4471
6122,4472
6123,4473
6124,4474
6125,4475
6126,4476
6127,4477
6130,4478
6131,4479
6133,4480
6134,4481
6135,4482
6136,4483
6138,4484
6139,4485
6140,4486
6142,4487
6143,4488
6144,4489
6146,4490
6148,4491
6149,4492
6150,4493
6151,4494
6152,4495
6153,4496
6154,4497
6155,4498
6158,4499
6160,4500
6163,4501
6164,4502
6165,4503
6168,4504
6170,4505
6173,4506
6174,4507
6178,4508
6179,4509
6180,4510
6181,4511
6182,4512
6185,4513
6186,4514
6187,4515
6189,4516
6190,4517
6191,4518
6192,4519
6193,4520
6195,4521
6196,4522
6202,4523
6208,4524
6209,4525
6211,4526
6212,4527
6213,4528
6215,4529
6217,4530
6218,4531
6219,4532
6221,4533
6222,4534
6223,4535
6224,4536
6225,4537
6226,4538
6227,4539
6232,4540
6234,4541
6236,4542
6237,4543
6238,4544
6239,4545
6240,4546
6241,4547
6242,4548
6243,4549
6244,4550
6246,4551
6248,4552
6249,4553
6250,4554
6251,4555
6252,4556
6253,4557
6254,4558
6255,4559
6256,4560
6259,4561
6261,4562
6262,4563
6263,4564
6264,4565
6265,4566
6266,4567
6268,4568
6270,4569
6271,4570
6272,4571
6273,4572
6274,4573
6276,4574
6277,4575
6279,4576
6281,4577
6282,4578
6283,4579
6284,4580
6286,4581
6287,4582
6288,4583
6289,4584
6291,4585
6292,4586
6296,4587
6298,4588
6300,4589
6302,4590
6303,4591
6304,4592
6305,4593
6306,4594
6307,4595
6308,4596
6310,4597
6314,4598
6315,4599
6316,4600
6317,4601
6318,4602
6319,4603
6320,4604
6321,4605
6322,4606
6323,4607
6326,4608
6327,4609
6328,4610
6330,4611
6331,4612
6332,4613
6333,4614
6335,4615
6336,4616
6338,4617
6339,4618
6340,4619
6343,4620
6344,4621
6345,4622
6346,4623
6348,4624
6349,4625
6350,4626
6353,4627
6354,4628
6355,4629
6356,4630
6357,4631
6358,4632
6359,4633
6360,4634
6361,4635
6364,4636
6365,4637
6366,4638
6367,4639
6368,4640
6369,4641
6370,4642
6372,4643
6373,4644
6374,4645
6375,4646
6376,4647
6377,4648
6379,4649
6380,4650
6381,4651
6382,4652
6384,4653
6385,4654
6386,4655
6387,4656
6388,4657
6389,4658
6390,4659
6394,4660
6395,4661
6396,4662
6397,4663
6398,4664
6399,4665
6400,4666
6401,4667
6402,4668
6403,4669
6404,4670
6406,4671
6407,4672
6410,4673
6411,4674
6412,4675
6413,4676
6416,4677
6418,4678
6420,4679
6421,4680
6422,4681
6423,4682
6424,4683
6425,4684
6426,4685
6427,4686
6428,4687
6429,4688
6430,4689
6432,4690
6433,4691
6434,4692
6435,4693
6436,4694
6437,4695
6438,4696
6439,4697
6440,4698
6441,4699
6442,4700
6443,4701
6444,4702
6445,4703
6446,4704
6447,4705
6449,4706
6450,4707
6453,4708
6455,4709
6456,4710
6457,4711
6458,4712
6459,4713
6460,4714
6461,4715
6462,4716
6464,4717
6465,4718
6467,4719
6472,4720
6473,4721
6474,4722
6475,4723
6476,4724
6478,4725
6480,4726
6481,4727
6482,4728
6483,4729
6484,4730
6485,4731
6486,4732
6488,4733
6490,4734
6494,4735
6495,4736
6496,4737
6498,4738
6499,4739
6500,4740
6502,4741
6503,4742
6507,4743
6508,4744
6509,4745
6510,4746
6512,4747
6513,4748
6515,4749
6516,4750
6517,4751
6518,4752
6520,4753
6522,4754
6524,4755
6525,4756
6527,4757
6528,4758
6529,4759
6530,4760
6531,4761
6533,4762
6536,4763
6537,4764
6538,4765
6539,4766
6540,4767
6542,4768
6543,4769
6544,4770
6545,4771
6546,4772
6549,4773
6550,4774
6553,4775
6554,4776
6555,4777
6557,4778
6558,4779
6559,4780
6560,4781
6562,4782
6563,4783
6566,4784
6568,4785
6569,4786
6570,4787
6571,4788
6572,4789
6573,4790
6575,4791
6576,4792
6577,4793
6579,4794
6582,4795
6583,4796
6586,4797
6588,4798
6590,4799
6591,4800
6592,4801
6594,4802
6595,4803
6596,4804
6599,4805
6600,4806
6602,4807
6603,4808
6606,4809
6607,4810
6608,4811
6609,4812
6610,4813
6611,4814
6612,4815
6613,4816
6615,4817
6616,4818
6618,4819
6619,4820
6620,4821
6622,4822
6623,4823
6624,4824
6626,4825
6627,4826
6628,4827
6629,4828
6630,4829
6631,4830
6632,4831
6635,4832
6636,4833
6637,4834
6638,4835
6639,4836
6640,4837
6641,4838
6642,4839
6643,4840
6645,4841
6646,4842
6647,4843
6648,4844
6652,4845
6653,4846
6654,4847
6655,4848
6656,4849
6658,4850
6659,4851
6662,4852
6663,4853
6664,4854
6666,4855
6667,4856
6668,4857
6669,4858
6670,4859
6672,4860
6676,4861
6678,4862
6680,4863
6681,4864
6682,4865
6684,4866
6685,4867
6689,4868
6690,4869
6691,4870
6692,4871
6694,4872
6698,4873
6699,4874
6700,4875
6703,4876
6704,4877
6705,4878
6706,4879
6707,4880
6708,4881
6710,4882
6711,4883
6712,4884
6713,4885
6714,4886
6715,4887
6716,4888
6717,4889
6720,4890
6721,4891
6722,4892
6723,4893
6724,4894
6725,4895
6727,4896
6728,4897
6729,4898
6730,4899
6732,4900
6735,4901
6736,4902
6737,4903
6738,4904
6739,4905
6740,4906
6741,4907
6742,4908
6744,4909
6745,4910
6746,4911
6748,4912
6749,4913
6750,4914
6751,4915
6752,4916
6753,4917
6754,4918
6757,4919
6758,4920
6761,4921
6763,4922
6764,4923
6766,4924
6767,4925
6768,4926
6772,4927
6773,4928
6774,4929
6775,4930
6777,4931
6778,4932
6779,4933
6780,4934
6781,4935
6783,4936
6784,4937
6786,4938
6787,4939
6788,4940
6789,4941
6791,4942
6792,4943
6794,4944
6798,4945
6799,4946
6800,4947
6801,4948
6804,4949
6805,4950
6808,4951
6809,4952
6810,4953
6811,4954
6812,4955
6813,4956
6814,4957
6815,4958
6816,4959
6817,4960
6818,4961
6819,4962
6822,4963
6823,4964
6824,4965
6825,4966
6828,4967
6830,4968
6831,4969
6832,4970
6833,4971
6834,4972
6837,4973
6839,4974
6840,4975
6842,4976
6843,4977
6844,4978
6846,4979
6847,4980
6848,4981
6849,4982
6850,4983
6851,4984
6852,4985
6853,4986
6855,4987
6857,4988
6859,4989
6860,4990
6861,4991
6862,4992
6863,4993
6866,4994
6867,4995
6868,4996
6871,4997
6872,4998
6873,4999
6874,5000
6876,5001
6879,5002
6880,5003
6882,5004
6883,5005
6884,5006
6885,5007
6888,5008
6889,5009
6892,5010
6894,5011
6895,5012
6896,5013
6897,5014
6899,5015
6900,5016
6901,5017
6902,5018
6903,5019
6908,5020
6909,5021
6910,5022
6911,5023
6913,5024
6914,5025
6916,5026
6920,5027
6921,5028
6922,5029
6924,5030
6926,5031
6928,5032
6929,5033
6931,5034
6933,5035
6934,5036
6935,5037
6936,5038
6937,5039
6938,5040
6939,5041
6940,5042
6941,5043
6942,5044
6943,5045
6945,5046
6946,5047
6947,5048
6948,5049
6949,5050
6951,5051
6952,5052
6954,5053
6957,5054
6958,5055
6959,5056
6962,5057
6964,5058
6965,5059
6966,5060
6967,5061
6968,5062
6973,5063
6974,5064
6976,5065
6977,5066
6978,5067
6979,5068
6980,5069
6982,5070
6984,5071
6985,5072
6986,5073
6993,5074
6994,5075
6995,5076
6996,5077
6997,5078
6998,5079
6999,5080
7001,5081
7002,5082
7004,5083
7005,5084
7007,5085
7009,5086
7012,5087
7013,5088
7014,5089
7015,5090
7016,5091
7017,5092
7018,5093
7019,5094
7020,5095
7021,5096
7022,5097
7023,5098
7026,5099
7029,5100
7030,5101
7031,5102
7032,5103
7033,5104
7035,5105
7037,5106
7038,5107
7039,5108
7040,5109
7041,5110
7042,5111
7043,5112
7044,5113
7045,5114
7048,5115
7049,5116
7050,5117
7051,5118
7052,5119
7053,5120
7054,5121
7056,5122
7057,5123
7058,5124
7059,5125
7060,5126
7063,5127
7064,5128
7065,5129
7066,5130
7067,5131
7068,5132
7069,5133
7073,5134
7074,5135
7076,5136
7077,5137
7078,5138
7079,5139
7080,5140
7083,5141
7084,5142
7086,5143
7087,5144
7090,5145
7091,5146
7092,5147
7093,5148
7095,5149
7098,5150
7099,5151
7101,5152
7102,5153
7105,5154
7106,5155
7107,5156
7108,5157
7109,5158
7110,5159
7111,5160
7112,5161
7113,5162
7115,5163
7116,5164
7119,5165
7121,5166
7123,5167
7124,5168
7125,5169
7127,5170
7128,5171
7129,5172
7130,5173
7131,5174
7133,5175
7134,5176
7136,5177
7137,5178
7138,5179
7139,5180
7141,5181
7142,5182
7143,5183
7144,5184
7145,5185
7146,5186
7147,5187
7148,5188
7149,5189
7150,5190
7151,5191
7152,5192
7153,5193
7154,5194
7155,5195
7156,5196
7159,5197
7160,5198
7161,5199
7163,5200
7164,5201
7166,5202
7169,5203
7171,5204
7173,5205
7175,5206
7177,5207
7179,5208
7181,5209
7183,5210
7184,5211
7185,5212
7186,5213
7187,5214
7188,5215
7189,5216
7190,5217
7191,5218
7192,5219
7193,5220
7196,5221
7197,5222
7198,5223
7199,5224
7200,5225
7201,5226
7202,5227
7203,5228
7204,5229
7206,5230
7208,5231
7209,5232
7212,5233
7213,5234
7214,5235
7215,5236
7216,5237
7217,5238
7218,5239
7219,5240
7221,5241
7222,5242
7223,5243
7225,5244
7226,5245
7227,5246
7228,5247
7229,5248
7232,5249
7233,5250
7234,5251
7237,5252
7238,5253
7239,5254
7241,5255
7242,5256
7243,5257
7245,5258
7247,5259
7251,5260
7253,5261
7254,5262
7257,5263
7258,5264
7259,5265
7261,5266
7262,5267
7263,5268
7265,5269
7267,5270
7268,5271
7269,5272
7270,5273
7271,5274
7272,5275
7274,5276
7275,5277
7277,5278
7278,5279
7279,5280
7280,5281
7281,5282
7284,5283
7285,5284
7287,5285
7290,5286
7293,5287
7295,5288
7296,5289
7297,5290
7300,5291
7301,5292
7303,5293
7304,5294
7306,5295
7307,5296
7308,5297
7309,5298
7310,5299
7311,5300
7316,5301
7317,5302
7321,5303
7323,5304
7325,5305
7327,5306
7328,5307
7330,5308
7332,5309
7334,5310
7335,5311
7336,5312
7337,5313
7338,5314
7341,5315
7342,5316
7343,5317
7344,5318
7345,5319
7346,5320
7347,5321
7349,5322
7351,5323
7353,5324
7355,5325
7356,5326
7357,5327
7358,5328
7360,5329
7361,5330
7362,5331
7363,5332
7364,5333
7365,5334
7367,5335
7369,5336
7370,5337
7371,5338
7375,5339
7376,5340
7378,5341
7379,5342
7380,5343
7382,5344
7383,5345
7385,5346
7386,5347
7387,5348
7388,5349
7389,5350
7391,5351
7392,5352
7395,5353
7398,5354
7399,5355
7400,5356
7401,5357
7402,5358
7403,5359
7404,5360
7405,5361
7411,5362
7414,5363
7415,5364
7418,5365
7419,5366
7420,5367
7421,5368
7423,5369
7425,5370
7426,5371
7427,5372
7429,5373
7430,5374
7431,5375
7432,5376
7433,5377
7435,5378
7438,5379
7440,5380
7441,5381
7444,5382
7445,5383
7447,5384
7450,5385
7451,5386
7453,5387
7455,5388
7456,5389
7457,5390
7458,5391
7459,5392
7460,5393
7461,5394
7462,5395
7464,5396
7465,5397
7468,5398
7470,5399
7471,5400
7473,5401
7474,5402
7475,5403
7476,5404
7477,5405
7478,5406
7480,5407
7482,5408
7484,5409
7485,5410
7488,5411
7490,5412
7491,5413
7492,5414
7493,5415
7494,5416
7495,5417
7496,5418
7497,5419
7498,5420
7501,5421
7503,5422
7504,5423
7505,5424
7507,5425
7509,5426
7511,5427
7513,5428
7514,5429
7516,5430
7517,5431
7518,5432
7520,5433
7523,5434
7524,5435
7525,5436
7526,5437
7532,5438
7533,5439
7534,5440
7536,5441
7537,5442
7538,5443
7540,5444
7541,5445
7542,5446
7544,5447
7545,5448
7546,5449
7547,5450
7549,5451
7550,5452
7551,5453
7552,5454
7553,5455
7555,5456
7556,5457
7557,5458
7560,5459
7561,5460
7563,5461
7564,5462
7569,5463
7570,5464
7571,5465
7574,5466
7575,5467
7577,5468
7580,5469
7581,5470
7582,5471
7584,5472
7587,5473
7589,5474
7590,5475
7591,5476
7592,5477
7593,5478
7594,5479
7595,5480
7596,5481
7597,5482
7598,5483
7599,5484
7600,5485
7602,5486
7603,5487
7604,5488
7606,5489
7608,5490
7609,5491
7610,5492
7611,5493
7612,5494
7614,5495
7615,5496
7620,5497
7621,5498
7623,5499
7626,5500
7627,5501
7628,5502
7629,5503
7630,5504
7631,5505
7632,5506
7633,5507
7634,5508
7635,5509
7636,5510
7637,5511
7638,5512
7639,5513
7640,5514
7641,5515
7642,5516
7645,5517
7646,5518
7647,5519
7649,5520
7652,5521
7654,5522
7655,5523
7656,5524
7657,5525
7658,5526
7659,5527
7660,5528
7661,5529
7662,5530
7663,5531
7665,5532
7666,5533
7667,5534
7668,5535
7669,5536
7670,5537
7673,5538
7674,5539
7677,5540
7678,5541
7679,5542
7681,5543
7682,5544
7683,5545
7685,5546
7687,5547
7690,5548
7692,5549
7693,5550
7694,5551
7695,5552
7699,5553
7700,5554
7701,5555
7702,5556
7704,5557
7705,5558
7707,5559
7708,5560
7709,5561
7710,5562
7711,5563
7712,5564
7715,5565
7716,5566
7718,5567
7720,5568
7721,5569
7723,5570
7724,5571
7726,5572
7728,5573
7729,5574
7731,5575
7732,5576
7733,5577
7737,5578
7740,5579
7741,5580
7743,5581
7744,5582
7746,5583
7747,5584
7748,5585
7750,5586
7751,5587
7753,5588
7754,5589
7755,5590
7757,5591
7758,5592
7761,5593
7762,5594
7763,5595
7764,5596
7765,5597
7766,5598
7767,5599
7768,5600
7769,5601
7771,5602
7772,5603
7773,5604
7774,5605
7775,5606
7776,5607
7777,5608
7778,5609
7779,5610
7780,5611
7781,5612
7783,5613
7785,5614
7786,5615
7788,5616
7791,5617
7794,5618
7795,5619
7797,5620
7798,5621
7799,5622
7800,5623
7802,5624
7803,5625
7804,5626
7805,5627
7806,5628
7807,5629
7808,5630
7809,5631
7810,5632
7811,5633
7813,5634
7814,5635
7815,5636
7817,5637
7818,5638
7819,5639
7821,5640
7822,5641
7824,5642
7825,5643
7826,5644
7827,5645
7828,5646
7829,5647
7830,5648
7832,5649
7833,5650
7834,5651
7835,5652
7836,5653
7837,5654
7838,5655
7839,5656
7841,5657
7845,5658
7846,5659
7847,5660
7849,5661
7852,5662
7853,5663
7854,5664
7855,5665
7858,5666
7860,5667
7861,5668
7862,5669
7863,5670
7865,5671
7867,5672
7869,5673
7870,5674
7873,5675
7875,5676
7877,5677
7878,5678
7879,5679
7880,5680
7882,5681
7883,5682
7884,5683
7885,5684
7887,5685
7888,5686
7890,5687
7891,5688
7893,5689
7896,5690
7897,5691
7898,5692
7901,5693
7902,5694
7904,5695
7905,5696
7906,5697
7909,5698
7910,5699
7911,5700
7912,5701
7913,5702
7914,5703
7916,5704
7918,5705
7923,5706
7924,5707
7925,5708
7926,5709
7928,5710
7929,5711
7933,5712
7934,5713
7935,5714
7941,5715
7942,5716
7945,5717
7946,5718
7947,5719
7948,5720
7951,5721
7952,5722
7953,5723
7954,5724
7955,5725
7956,5726
7957,5727
7960,5728
7961,5729
7965,5730
7966,5731
7968,5732
7969,5733
7971,5734
7972,5735
7973,5736
7974,5737
7976,5738
7977,5739
7978,5740
7980,5741
7984,5742
7985,5743
7986,5744
7988,5745
7989,5746
7990,5747
7991,5748
7995,5749
7996,5750
7998,5751
7999,5752
8001,5753
8003,5754
8004,5755
8006,5756
8007,5757
8008,5758
8009,5759
8010,5760
8018,5761
8019,5762
8020,5763
8023,5764
8024,5765
8026,5766
8027,5767
8030,5768
8032,5769
8033,5770
8034,5771
8036,5772
8037,5773
8039,5774
8042,5775
8043,5776
8044,5777
8045,5778
8048,5779
8049,5780
8050,5781
8051,5782
8053,5783
8057,5784
8058,5785
8059,5786
8061,5787
8065,5788
8068,5789
8069,5790
8070,5791
8071,5792
8073,5793
8075,5794
8078,5795
8081,5796
8083,5797
8084,5798
8085,5799
8088,5800
8092,5801
8097,5802
8098,5803
8100,5804
8101,5805
8102,5806
8103,5807
8105,5808
8106,5809
8108,5810
8110,5811
8113,5812
8114,5813
8115,5814
8116,5815
8117,5816
8118,5817
8119,5818
8120,5819
8122,5820
8125,5821
8126,5822
8128,5823
8129,5824
8131,5825
8132,5826
8134,5827
8135,5828
8136,5829
8138,5830
8140,5831
8141,5832
8143,5833
8144,5834
8146,5835
8149,5836
8150,5837
8152,5838
8153,5839
8154,5840
8155,5841
8156,5842
8157,5843
8158,5844
8159,5845
8162,5846
8163,5847
8164,5848
8165,5849
8167,5850
8168,5851
8169,5852
8170,5853
8171,5854
8173,5855
8174,5856
8176,5857
8177,5858
8179,5859
8182,5860
8184,5861
8185,5862
8187,5863
8188,5864
8190,5865
8191,5866
8193,5867
8194,5868
8196,5869
8197,5870
8199,5871
8202,5872
8203,5873
8204,5874
8205,5875
8207,5876
8208,5877
8211,5878
8212,5879
8213,5880
8214,5881
8215,5882
8216,5883
8217,5884
8220,5885
8221,5886
8222,5887
8223,5888
8224,5889
8226,5890
8228,5891
8234,5892
8235,5893
8237,5894
8238,5895
8239,5896
8240,5897
8242,5898
8244,5899
8245,5900
8246,5901
8247,5902
8248,5903
8249,5904
8252,5905
8254,5906
8255,5907
8257,5908
8258,5909
8259,5910
8261,5911
8262,5912
8263,5913
8265,5914
8267,5915
8268,5916
8269,5917
8270,5918
8271,5919
8272,5920
8275,5921
8276,5922
8277,5923
8278,5924
8279,5925
8280,5926
8281,5927
8282,5928
8283,5929
8284,5930
8286,5931
8287,5932
8289,5933
8290,5934
8291,5935
8292,5936
8293,5937
8295,5938
8296,5939
8298,5940
8300,5941
8301,5942
8302,5943
8304,5944
8306,5945
8307,5946
8308,5947
8309,5948
8311,5949
8314,5950
8315,5951
8317,5952
8318,5953
8319,5954
8320,5955
8321,5956
8322,5957
8323,5958
8324,5959
8325,5960
8327,5961
8329,5962
8332,5963
8333,5964
8334,5965
8335,5966
8336,5967
8337,5968
8338,5969
8340,5970
8342,5971
8343,5972
8346,5973
8347,5974
8348,5975
8349,5976
8350,5977
8352,5978
8353,5979
8354,5980
8355,5981
8356,5982
8357,5983
8360,5984
8362,5985
8363,5986
8364,5987
8366,5988
8367,5989
8368,5990
8369,5991
8370,5992
8372,5993
8373,5994
8374,5995
8375,5996
8376,5997
8377,5998
8378,5999
8382,6000
8383,6001
8384,6002
8385,6003
8386,6004
8387,6005
8389,6006
8391,6007
8395,6008
8396,6009
8397,6010
8399,6011
8400,6012
8401,6013
8402,6014
8403,6015
8404,6016
8405,6017
8406,6018
8408,6019
8409,6020
8410,6021
8411,6022
8413,6023
8414,6024
8415,6025
8416,6026
8417,6027
8418,6028
8419,6029
8420,6030
8421,6031
8422,6032
8423,6033
8424,6034
8425,6035
8426,6036
8428,6037
8429,6038
8430,6039
8431,6040
8432,6041
8434,6042
8435,6043
8436,6044
8437,6045
8439,6046
8440,6047
8441,6048
8442,6049
8443,6050
8444,6051
8447,6052
8449,6053
8450,6054
8451,6055
8452,6056
8453,6057
8454,6058
8455,6059
8456,6060
8458,6061
8460,6062
8461,6063
8462,6064
8463,6065
8465,6066
8467,6067
8468,6068
8470,6069
8471,6070
8472,6071
8473,6072
8474,6073
8475,6074
8477,6075
8478,6076
8481,6077
8482,6078
8483,6079
8484,6080
8485,6081
8486,6082
8487,6083
8488,6084
8489,6085
8490,6086
8491,6087
8492,6088
8493,6089
8494,6090
8495,6091
8501,6092
8502,6093
8505,6094
8506,6095
8507,6096
8512,6097
8513,6098
8514,6099
8519,6100
8521,6101
8525,6102
8526,6103
8533,6104
8534,6105
8535,6106
8536,6107
8537,6108
8538,6109
8539,6110
8542,6111
8545,6112
8548,6113
8551,6114
8552,6115
8553,6116
8554,6117
8555,6118
8556,6119
8558,6120
8560,6121
8561,6122
8563,6123
8565,6124
8569,6125
8571,6126
8572,6127
8573,6128
8574,6129
8575,6130
8576,6131
8577,6132
8578,6133
8579,6134
8581,6135
8582,6136
8583,6137
8584,6138
8586,6139
8587,6140
8588,6141
8590,6142
8593,6143
8594,6144
8596,6145
8597,6146
8599,6147
8601,6148
8603,6149
8604,6150
8607,6151
8609,6152
8612,6153
8614,6154
8615,6155
8617,6156
8618,6157
8620,6158
8622,6159
8623,6160
8624,6161
8625,6162
8627,6163
8629,6164
8630,6165
8631,6166
8633,6167
8637,6168
8639,6169
8640,6170
8641,6171
8647,6172
8648,6173
8649,6174
8650,6175
8651,6176
8652,6177
8658,6178
8659,6179
8661,6180
8663,6181
8664,6182
8666,6183
8667,6184
8670,6185
8671,6186
8672,6187
8676,6188
8681,6189
8682,6190
8685,6191
8686,6192
8690,6193
8691,6194
8693,6195
8696,6196
8697,6197
8698,6198
8700,6199
8702,6200
8704,6201
8705,6202
8706,6203
8707,6204
8709,6205
8711,6206
8712,6207
8713,6208
8714,6209
8715,6210
8716,6211
8718,6212
8719,6213
8721,6214
8724,6215
8726,6216
8727,6217
8728,6218
8729,6219
8734,6220
8735,6221
8736,6222
8737,6223
8738,6224
8740,6225
8743,6226
8744,6227
8745,6228
8746,6229
8747,6230
8748,6231
8749,6232
8750,6233
8752,6234
8754,6235
8755,6236
8756,6237
8757,6238
8758,6239
8759,6240
8761,6241
8762,6242
8763,6243
8764,6244
8765,6245
8767,6246
8769,6247
8771,6248
8773,6249
8775,6250
8776,6251
8777,6252
8778,6253
8779,6254
8784,6255
8785,6256
8786,6257
8787,6258
8789,6259
8790,6260
8791,6261
8793,6262
8797,6263
8798,6264
8799,6265
8801,6266
8802,6267
8804,6268
8808,6269
8812,6270
8815,6271
8816,6272
8817,6273
8819,6274
8820,6275
8821,6276
8822,6277
8823,6278
8824,6279
8829,6280
8830,6281
8832,6282
8834,6283
8835,6284
8836,6285
8838,6286
8839,6287
8840,6288
8841,6289
8843,6290
8845,6291
8846,6292
8847,6293
8850,6294
8851,6295
8852,6296
8853,6297
8855,6298
8857,6299
8858,6300
8860,6301
8862,6302
8864,6303
8865,6304
8866,6305
8867,6306
8868,6307
8869,6308
8870,6309
8872,6310
8873,6311
8874,6312
8875,6313
8876,6314
8877,6315
8878,6316
8879,6317
8880,6318
8881,6319
8885,6320
8886,6321
8887,6322
8888,6323
8889,6324
8897,6325
8898,6326
8901,6327
8902,6328
8903,6329
8904,6330
8907,6331
8910,6332
8911,6333
8912,6334
8913,6335
8915,6336
8916,6337
8918,6338
8919,6339
8920,6340
8922,6341
8926,6342
8927,6343
8929,6344
8930,6345
8931,6346
8932,6347
8935,6348
8936,6349
8937,6350
8938,6351
8941,6352
8942,6353
8943,6354
8944,6355
8946,6356
8947,6357
8948,6358
8950,6359
8951,6360
8952,6361
8953,6362
8955,6363
8956,6364
8957,6365
8958,6366
8959,6367
8960,6368
8961,6369
8962,6370
8963,6371
8964,6372
8966,6373
8967,6374
8969,6375
8970,6376
8971,6377
8972,6378
8974,6379
8975,6380
8976,6381
8977,6382
8978,6383
8979,6384
8982,6385
8983,6386
8985,6387
8986,6388
8991,6389
8992,6390
8993,6391
8994,6392
8996,6393
8997,6394
8999,6395
9000,6396
9001,6397
9002,6398
9003,6399
9004,6400
9005,6401
9007,6402
9010,6403
9011,6404
9013,6405
9015,6406
9016,6407
9017,6408
9018,6409
9019,6410
9021,6411
9022,6412
9023,6413
9024,6414
9026,6415
9027,6416
9029,6417
9031,6418
9032,6419
9033,6420
9034,6421
9035,6422
9036,6423
9037,6424
9038,6425
9040,6426
9042,6427
9043,6428
9044,6429
9045,6430
9046,6431
9047,6432
9048,6433
9050,6434
9052,6435
9053,6436
9055,6437
9056,6438
9057,6439
9058,6440
9059,6441
9060,6442
9061,6443
9062,6444
9063,6445
9064,6446
9065,6447
9068,6448
9070,6449
9071,6450
9073,6451
9074,6452
9076,6453
9077,6454
9079,6455
9080,6456
9081,6457
9082,6458
9084,6459
9085,6460
9088,6461
9090,6462
9092,6463
9093,6464
9094,6465
9095,6466
9096,6467
9097,6468
9098,6469
9099,6470
9100,6471
9101,6472
9102,6473
9103,6474
9105,6475
9109,6476
9112,6477
9114,6478
9115,6479
9116,6480
9118,6481
9120,6482
9121,6483
9122,6484
9125,6485
9126,6486
9128,6487
9129,6488
9130,6489
9133,6490
9134,6491
9135,6492
9138,6493
9140,6494
9141,6495
9142,6496
9143,6497
9144,6498
9148,6499
9149,6500
9151,6501
9152,6502
9153,6503
9155,6504
9156,6505
9157,6506
9158,6507
9159,6508
9160,6509
9161,6510
9162,6511
9166,6512
9167,6513
9169,6514
9170,6515
9171,6516
9173,6517
9174,6518
9175,6519
9176,6520
9177,6521
9178,6522
9180,6523
9181,6524
9182,6525
9186,6526
9188,6527
9189,6528
9190,6529
9191,6530
9193,6531
9195,6532
9196,6533
9198,6534
9199,6535
9203,6536
9204,6537
9205,6538
9206,6539
9207,6540
9208,6541
9209,6542
9210,6543
9211,6544
9212,6545
9213,6546
9214,6547
9217,6548
9218,6549
9219,6550
9220,6551
9226,6552
9227,6553
9229,6554
9230,6555
9231,6556
9233,6557
9235,6558
9236,6559
9238,6560
9240,6561
9242,6562
9243,6563
9244,6564
9248,6565
9250,6566
9251,6567
9253,6568
9254,6569
9255,6570
9257,6571
9258,6572
9261,6573
9263,6574
9264,6575
9271,6576
9272,6577
9273,6578
9274,6579
9275,6580
9276,6581
9277,6582
9280,6583
9281,6584
9283,6585
9284,6586
9285,6587
9287,6588
9288,6589
9289,6590
9292,6591
9294,6592
9295,6593
9297,6594
9300,6595
9301,6596
9304,6597
9305,6598
9307,6599
9308,6600
9313,6601
9315,6602
9316,6603
9317,6604
9318,6605
9319,6606
9320,6607
9322,6608
9324,6609
9326,6610
9328,6611
9329,6612
9330,6613
9331,6614
9332,6615
9333,6616
9334,6617
9335,6618
9337,6619
9338,6620
9339,6621
9341,6622
9342,6623
9343,6624
9346,6625
9347,6626
9349,6627
9350,6628
9351,6629
9352,6630
9353,6631
9354,6632
9356,6633
9357,6634
9359,6635
9361,6636
9362,6637
9363,6638
9364,6639
9367,6640
9368,6641
9372,6642
9374,6643
9375,6644
9377,6645
9378,6646
9379,6647
9381,6648
9382,6649
9384,6650
9385,6651
9386,6652
9388,6653
9391,6654
9392,6655
9393,6656
9395,6657
9398,6658
9399,6659
9401,6660
9403,6661
9404,6662
9406,6663
9407,6664
9410,6665
9413,6666
9415,6667
9416,6668
9418,6669
9420,6670
9421,6671
9422,6672
9425,6673
9426,6674
9429,6675
9432,6676
9433,6677
9434,6678
9436,6679
9437,6680
9441,6681
9443,6682
9447,6683
9449,6684
9450,6685
9451,6686
9452,6687
9456,6688
9457,6689
9458,6690
9459,6691
9460,6692
9461,6693
9462,6694
9463,6695
9464,6696
9466,6697
9467,6698
9468,6699
9469,6700
9470,6701
9473,6702
9475,6703
9476,6704
9477,6705
9478,6706
9480,6707
9481,6708
9482,6709
9483,6710
9484,6711
9489,6712
9490,6713
9491,6714
9492,6715
9494,6716
9495,6717
9498,6718
9499,6719
9500,6720
9501,6721
9502,6722
9503,6723
9505,6724
9506,6725
9507,6726
9510,6727
9513,6728
9516,6729
9517,6730
9518,6731
9519,6732
9520,6733
9522,6734
9523,6735
9525,6736
9526,6737
9527,6738
9529,6739
9530,6740
9532,6741
9534,6742
9535,6743
9536,6744
9538,6745
9539,6746
9540,6747
9541,6748
9543,6749
9544,6750
9549,6751
9550,6752
9551,6753
9552,6754
9553,6755
9555,6756
9556,6757
9557,6758
9558,6759
9560,6760
9561,6761
9562,6762
9564,6763
9568,6764
9569,6765
9571,6766
9572,6767
9574,6768
9575,6769
9576,6770
9578,6771
9579,6772
9580,6773
9581,6774
9582,6775
9583,6776
9584,6777
9585,6778
9587,6779
9590,6780
9591,6781
9592,6782
9593,6783
9594,6784
9595,6785
9597,6786
9599,6787
9600,6788
9602,6789
9603,6790
9609,6791
9610,6792
9611,6793
9612,6794
9613,6795
9614,6796
9615,6797
9616,6798
9617,6799
9618,6800
9619,6801
9620,6802
9623,6803
9625,6804
9626,6805
9627,6806
9629,6807
9630,6808
9631,6809
9632,6810
9633,6811
9634,6812
9636,6813
9637,6814
9639,6815
9642,6816
9643,6817
9644,6818
9649,6819
9650,6820
9651,6821
9652,6822
9653,6823
9654,6824
9656,6825
9658,6826
9659,6827
9661,6828
9662,6829
9667,6830
9668,6831
9670,6832
9671,6833
9672,6834
9673,6835
9678,6836
9679,6837
9681,6838
9682,6839
9685,6840
9687,6841
9689,6842
9693,6843
9696,6844
9699,6845
9700,6846
9702,6847
9703,6848
9705,6849
9706,6850
9709,6851
9710,6852
9712,6853
9714,6854
9715,6855
9716,6856
9717,6857
9718,6858
9719,6859
9720,6860
9722,6861
9725,6862
9728,6863
9730,6864
9731,6865
9735,6866
9737,6867
9742,6868
9743,6869
9748,6870
9751,6871
9753,6872
9755,6873
9756,6874
9757,6875
9758,6876
9759,6877
9760,6878
9764,6879
9765,6880
9766,6881
9768,6882
9770,6883
9771,6884
9772,6885
9773,6886
9776,6887
9778,6888
9779,6889
9785,6890
9786,6891
9789,6892
9790,6893
9792,6894
9794,6895
9795,6896
9796,6897
9797,6898
9798,6899
9799,6900
9801,6901
9805,6902
9810,6903
9811,6904
9814,6905
9817,6906
9818,6907
9820,6908
9823,6909
9824,6910
9825,6911
9827,6912
9828,6913
9829,6914
9830,6915
9833,6916
9836,6917
9841,6918
9842,6919
9843,6920
9844,6921
9845,6922
9847,6923
9848,6924
9849,6925
9850,6926
9853,6927
9855,6928
9856,6929
9858,6930
9859,6931
9860,6932
9861,6933
9862,6934
9868,6935
9871,6936
9872,6937
9873,6938
9877,6939
9878,6940
9879,6941
9880,6942
9882,6943
9883,6944
9884,6945
9885,6946
9887,6947
9888,6948
9890,6949
9894,6950
9896,6951
9897,6952
9898,6953
9899,6954
9901,6955
9903,6956
9905,6957
9906,6958
9910,6959
9911,6960
9912,6961
9913,6962
9914,6963
9918,6964
9919,6965
9920,6966
9921,6967
9922,6968
9923,6969
9925,6970
9928,6971
9929,6972
9931,6973
9932,6974
9934,6975
9935,6976
9936,6977
9937,6978
9938,6979
9939,6980
9943,6981
9945,6982
9946,6983
9949,6984
9950,6985
9952,6986
9957,6987
9958,6988
9959,6989
9961,6990
9962,6991
9964,6992
9965,6993
9966,6994
9968,6995
9969,6996
9971,6997
9973,6998
9975,6999
9976,7000
9980,7001
9983,7002
9984,7003
9987,7004
9988,7005
9990,7006
9993,7007
9994,7008
9995,7009
9996,7010
9997,7011
10000,7012
10001,7013
10003,7014
10005,7015
10007,7016
10009,7017
10010,7018
10011,7019
10012,7020
10013,7021
10014,7022
10015,7023
10018,7024
10019,7025
10020,7026
10021,7027
10022,7028
10023,7029
10024,7030
10027,7031
10028,7032
10030,7033
10031,7034
10033,7035
10035,7036
10036,7037
10037,7038
10038,7039
10043,7040
10045,7041
10047,7042
10048,7043
10049,7044
10050,7045
10052,7046
10053,7047
10054,7048
10055,7049
10056,7050
10057,7051
10058,7052
10060,7053
10061,7054
10062,7055
10063,7056
10064,7057
10065,7058
10066,7059
10067,7060
10069,7061
10070,7062
10071,7063
10073,7064
10074,7065
10075,7066
10078,7067
10080,7068
10081,7069
10084,7070
10085,7071
10086,7072
10088,7073
10090,7074
10092,7075
10093,7076
10095,7077
10096,7078
10097,7079
10099,7080
10100,7081
10102,7082
10104,7083
10106,7084
10107,7085
10108,7086
10109,7087
10110,7088
10111,7089
10113,7090
10114,7091
10115,7092
10116,7093
10117,7094
10118,7095
10119,7096
10121,7097
10122,7098
10123,7099
10124,7100
10125,7101
10126,7102
10129,7103
10130,7104
10131,7105
10133,7106
10134,7107
10135,7108
10137,7109
10139,7110
10142,7111
10143,7112
10144,7113
10145,7114
10147,7115
10149,7116
10153,7117
10154,7118
10156,7119
10158,7120
10159,7121
10161,7122
10162,7123
10163,7124
10164,7125
10165,7126
10167,7127
10169,7128
10170,7129
10171,7130
10174,7131
10175,7132
10176,7133
10177,7134
10178,7135
10179,7136
10180,7137
10182,7138
10183,7139
10184,7140
10185,7141
10186,7142
10187,7143
10188,7144
10189,7145
10192,7146
10193,7147
10194,7148
10195,7149
10197,7150
10198,7151
10200,7152
10201,7153
10202,7154
10203,7155
10206,7156
10208,7157
10209,7158
10210,7159
10211,7160
10212,7161
10213,7162
10214,7163
10215,7164
10216,7165
10218,7166
10220,7167
10221,7168
10222,7169
10226,7170
10229,7171
10230,7172
10231,7173
10232,7174
10233,7175
10234,7176
10235,7177
10236,7178
10237,7179
10238,7180
10239,7181
10240,7182
10241,7183
10242,7184
10244,7185
10245,7186
10246,7187
10247,7188
10248,7189
10250,7190
10251,7191
10252,7192
10255,7193
10256,7194
10257,7195
10258,7196
10261,7197
10264,7198
10265,7199
10266,7200
10267,7201
10268,7202
10269,7203
10270,7204
10271,7205
10273,7206
10274,7207
10275,7208
10276,7209
10280,7210
10282,7211
10283,7212
10284,7213
10285,7214
10286,7215
10289,7216
10291,7217
10294,7218
10296,7219
10300,7220
10302,7221
10304,7222
10307,7223
10308,7224
10311,7225
10312,7226
10316,7227
10317,7228
10321,7229
10322,7230
10324,7231
10329,7232
10330,7233
10331,7234
10333,7235
10337,7236
10338,7237
10339,7238
10340,7239
10345,7240
10346,7241
10348,7242
10349,7243
10351,7244
10352,7245
10353,7246
10359,7247
10361,7248
10362,7249
10363,7250
10364,7251
10365,7252
10368,7253
10373,7254
10374,7255
10376,7256
10377,7257
10379,7258
10380,7259
10381,7260
10382,7261
10383,7262
10386,7263
10390,7264
10391,7265
10392,7266
10393,7267
10396,7268
10397,7269
10406,7270
10413,7271
10414,7272
10416,7273
10430,7274
10436,7275
10454,7276
10455,7277
10459,7278
10461,7279
10462,7280
10466,7281
10467,7282
10471,7283
10472,7284
10474,7285
10475,7286
10481,7287
10483,7288
10485,7289
10486,7290
10491,7291
10493,7292
10494,7293
10497,7294
10499,7295
10503,7296
10510,7297
10511,7298
10514,7299
10516,7300
10519,7301
10521,7302
10525,7303
10530,7304
10533,7305
10537,7306
10538,7307
10539,7308
10541,7309
10543,7310
10544,7311
10545,7312
10552,7313
10554,7314
10556,7315
10558,7316
10560,7317
10562,7318
10564,7319
10565,7320
10570,7321
10571,7322
10572,7323
10573,7324
10574,7325
10575,7326
10577,7327
10580,7328
10581,7329
10582,7330
10585,7331
10588,7332
10589,7333
10590,7334
10593,7335
10596,7336
10597,7337
10602,7338
10603,7339
10604,7340
10605,7341
10607,7342
10610,7343
10611,7344
10612,7345
10615,7346
10618,7347
10619,7348
10620,7349
10621,7350
10623,7351
10627,7352
10628,7353
10629,7354
10634,7355
10637,7356
10639,7357
10641,7358
10645,7359
10647,7360
10649,7361
10650,7362
10652,7363
10653,7364
10654,7365
10655,7366
10659,7367
10662,7368
10663,7369
10664,7370
10665,7371
10666,7372
10669,7373
10670,7374
10671,7375
10674,7376
10675,7377
10676,7378
10678,7379
10679,7380
10681,7381
10682,7382
10690,7383
10691,7384
10692,7385
10693,7386
10697,7387
10699,7388
10700,7389
10705,7390
10708,7391
10712,7392
10714,7393
10717,7394
10720,7395
10721,7396
10724,7397
10727,7398
10728,7399
10729,7400
10734,7401
10735,7402
10736,7403
10737,7404
10740,7405
10741,7406
10742,7407
10743,7408
10744,7409
10746,7410
10747,7411
10749,7412
10751,7413
10756,7414
10757,7415
10758,7416
10759,7417
10761,7418
10762,7419
10763,7420
10767,7421
10768,7422
10770,7423
10772,7424
10777,7425
10779,7426
10780,7427
10781,7428
10783,7429
10784,7430
10787,7431
10789,7432
10793,7433
10796,7434
10797,7435
10798,7436
10799,7437
10800,7438
10801,7439
10805,7440
10808,7441
10809,7442
10811,7443
10812,7444
10813,7445
10814,7446
10815,7447
10819,7448
10820,7449
10822,7450
10823,7451
10824,7452
10826,7453
10827,7454
10832,7455
10834,7456
10836,7457
10839,7458
10843,7459
10844,7460
10845,7461
10847,7462
10853,7463
10857,7464
10859,7465
10860,7466
10865,7467
10866,7468
10867,7469
10871,7470
10874,7471
10876,7472
10878,7473
10885,7474
10888,7475
10889,7476
10890,7477
10891,7478
10893,7479
10894,7480
10898,7481
10902,7482
10903,7483
10904,7484
10905,7485
10907,7486
10909,7487
10912,7488
10916,7489
10920,7490
10921,7491
10922,7492
10925,7493
10927,7494
10928,7495
10929,7496
10931,7497
10933,7498
10934,7499
10936,7500
10938,7501
10948,7502
10952,7503
10953,7504
10957,7505
10959,7506
10961,7507
10962,7508
10963,7509
10964,7510
10968,7511
10969,7512
10971,7513
10973,7514
10974,7515
10975,7516
10976,7517
10978,7518
10980,7519
10981,7520
10982,7521
10985,7522
10987,7523
10988,7524
10990,7525
10996,7526
10997,7527
11003,7528
11005,7529
11006,7530
11007,7531
11009,7532
11010,7533
11014,7534
11015,7535
11016,7536
11017,7537
11019,7538
11020,7539
11021,7540
11022,7541
11025,7542
11026,7543
11030,7544
11031,7545
11032,7546
11033,7547
11037,7548
11038,7549
11041,7550
11042,7551
11047,7552
11048,7553
11050,7554
11051,7555
11057,7556
11060,7557
11061,7558
11062,7559
11063,7560
11064,7561
11065,7562
11066,7563
11068,7564
11069,7565
11071,7566
11072,7567
11075,7568
11076,7569
11077,7570
11078,7571
11081,7572
11087,7573
11088,7574
11091,7575
11094,7576
11096,7577
11097,7578
11100,7579
11103,7580
11104,7581
11106,7582
11107,7583
11108,7584
11111,7585
11112,7586
11113,7587
11114,7588
11115,7589
11116,7590
11118,7591
11122,7592
11123,7593
11125,7594
11126,7595
11127,7596
11129,7597
11130,7598
11131,7599
11133,7600
11134,7601
11135,7602
11136,7603
11137,7604
11140,7605
11141,7606
11142,7607
11143,7608
11144,7609
11146,7610
11147,7611
11152,7612
11157,7613
11159,7614
11160,7615
11161,7616
11162,7617
11163,7618
11164,7619
11165,7620
11166,7621
11168,7622
11169,7623
11175,7624
11177,7625
11178,7626
11180,7627
11182,7628
11184,7629
11185,7630
11186,7631
11188,7632
11189,7633
11190,7634
11191,7635
11194,7636
11196,7637
11197,7638
11198,7639
11199,7640
11200,7641
11201,7642
11202,7643
11204,7644
11205,7645
11207,7646
11209,7647
11210,7648
11211,7649
11213,7650
11217,7651
11218,7652
11220,7653
11222,7654
11223,7655
11229,7656
11230,7657
11231,7658
11232,7659
11237,7660
11239,7661
11240,7662
11241,7663
11242,7664
11243,7665
11244,7666
11246,7667
11247,7668
11248,7669
11249,7670
11250,7671
11252,7672
11253,7673
11254,7674
11255,7675
11258,7676
11261,7677
11262,7678
11264,7679
11266,7680
11267,7681
11268,7682
11269,7683
11270,7684
11271,7685
11274,7686
11277,7687
11279,7688
11282,7689
11283,7690
11285,7691
11288,7692
11289,7693
11290,7694
11291,7695
11293,7696
11295,7697
11299,7698
11301,7699
11303,7700
11304,7701
11307,7702
11308,7703
11309,7704
11310,7705
11311,7706
11312,7707
11314,7708
11315,7709
11318,7710
11320,7711
11321,7712
11322,7713
11323,7714
11325,7715
11326,7716
11329,7717
11330,7718
11331,7719
11332,7720
11337,7721
11338,7722
11339,7723
11341,7724
11343,7725
11344,7726
11346,7727
11349,7728
11350,7729
11351,7730
11352,7731
11353,7732
11354,7733
11355,7734
11357,7735
11360,7736
11362,7737
11363,7738
11364,7739
