"genre","n_positive","n_negative","avg_roi_positive","avg_roi_negative","roi_benefit","median_roi_positive","median_roi_negative","median_benefit"
"Horror",337,120,595.87,758.61,-162.74,139.97,-28.63,168.61
"Thriller",1038,272,259.99,394.87,-134.88,73.03,16.54,56.49
"Sci-Fi",331,79,222.78,187.39,35.39,122.13,67.41,54.72
"Mystery",324,104,287.35,220.64,66.70,93.57,40.99,52.57
"Sport",111,22,108.56,98.25,10.31,42.66,-3.98,46.64
"Music",147,59,152.10,424.71,-272.61,17.00,-20.58,37.59
"Documentary",149,148,416.43,248.38,168.05,-13.96,-44.43,30.47
"Drama",1623,690,128.54,192.42,-63.87,4.33,-17.65,21.99
"Fantasy",350,79,200.26,264.78,-64.52,113.05,91.83,21.22
"Crime",509,128,133.68,142.42,-8.74,39.60,23.95,15.65
"Animation",173,42,229.20,246.45,-17.26,161.93,149.54,12.39
"Action",734,120,155.61,195.61,-40.00,97.08,85.66,11.42
"Comedy",1179,297,196.95,236.88,-39.93,71.68,74.05,-2.37
"History",117,71,102.58,196.01,-93.43,13.15,18.85,-5.70
"War",114,52,39.54,203.16,-163.62,-12.16,-2.49,-9.67
"Family",347,70,202.38,304.39,-102.01,133.88,148.51,-14.64
"Biography",219,114,116.49,173.38,-56.88,3.48,19.78,-16.30
"Western",32,15,23.99,131.90,-107.91,-28.26,-6.50,-21.76
"Adventure",575,121,182.51,214.95,-32.44,119.17,140.96,-21.79
"Romance",634,159,139.45,394.00,-254.55,52.49,78.32,-25.83
"Musical",56,21,189.30,466.49,-277.18,120.04,167.16,-47.12
